x,y,z
2.9999999995311555e-07
0.004668600000000467
0.009030199999999766
0.014531899999999709
0.01881939999999993
0.02369290000000035
0.02821149999999939
0.03319240000000079
0.03785129999999981
0.042354800000000026
0.04687209999999986
0.05123790000000028
0.05576469999999922
0.06023880000000048
0.0651142999999994
0.06963919999999924
0.07362029999999997
0.07813020000000037
0.08311499999999938
0.08901230000000027
0.09372549999999968
0.09871140000000089
0.10359339999999939
0.10758820000000036
0.11314119999999939
0.11761590000000055
0.12212509999999988
0.12762859999999954
0.13208859999999945
0.1365198999999997
0.14148929999999993
0.1465267000000008
0.15048810000000046
0.15480729999999987
0.15983579999999975
0.16496599999999972
0.1696225000000009
0.17445470000000007
0.17887960000000014
0.18353609999999954
0.18776530000000058
0.19201200000000007
0.19651190000000085
0.2011870000000009
0.2054089999999995
0.2095532999999996
0.2140544000000002
0.21883739999999996
0.2238541999999999
0.22882420000000003
0.23408809999999924
0.23906530000000004
0.24455910000000003
0.24856899999999982
0.2531315000000003
0.2574406000000007
0.2616194000000007
0.26703720000000075
0.2715317000000006
0.2765310999999997
0.28106640000000027
0.2854916000000003
0.2905382000000003
0.2955205000000003
0.30054780000000036
0.3055555999999999
0.30962139999999927
0.31410239999999945
0.3192895
0.3237956000000004
0.3286207999999995
0.33359579999999944
0.33858230000000056
0.3425615999999998
0.34756040000000077
0.3520322999999994
0.35705980000000004
0.36203959999999924
0.3670574000000002
0.3712988999999993
0.37579580000000057
0.38079590000000074
0.38479440000000054
0.3898016999999996
0.3943002
0.39955980000000046
0.40452310000000047
0.4090422
0.41302909999999926
0.41750249999999944
0.4216400999999994
0.4271273999999998
0.4316335999999996
0.43587480000000056
0.44037679999999924
0.44488010000000067
0.4493603000000004
0.4535765999999999
0.45851299999999995
0.46316760000000023
0.46800640000000016
0.47245380000000026
0.4765876000000002
0.48111830000000033
0.48560230000000004
0.4901725999999993
0.49467710000000054
0.49968830000000075
0.5043956999999999
0.5089077
0.5134881
0.5177510999999999
0.5221435999999997
0.5287640000000007
0.5336797999999998
0.5384153000000005
0.5429130999999998
0.5474133999999999
0.5523878
0.5573650000000008
0.5622708000000003
0.5669027999999994
0.5715804999999996
0.5765822000000007
0.5807690999999995
0.5852233000000009
0.5896658000000006
0.5941753999999992
0.5981812000000009
0.6026547999999998
0.6076815999999994
0.6126252999999995
0.6172635999999994
0.6220127000000009
0.6270088000000005
0.6315167000000006
0.6360992999999997
0.6406758000000004
0.6458694999999999
0.6511521000000009
0.6564364000000005
0.6614316999999996
0.6659135999999997
0.6710107999999995
0.6754314000000008
0.6799291000000007
0.6844137999999997
0.6894507000000001
0.6937125999999996
0.6986477000000004
0.7037261000000008
0.7089116999999998
0.7143308000000008
0.7193377000000005
0.7261226999999995
0.7309145000000008
0.7359583000000001
0.7409157999999998
0.7462928000000009
0.7522742000000004
0.7568771000000005
0.7608779999999999
0.7653557000000006
0.7701867
0.7753540000000001
0.7798371999999993
0.7852089000000007
0.7900741
0.7945813000000008
0.7985886999999998
0.8033350000000006
0.8089381000000007
0.8143340000000006
0.8189261000000005
0.8239432000000004
0.8284736000000006
0.8337567000000004
0.8398243000000001
0.8445248000000003
0.8490044000000001
0.8532139999999995
0.8575914000000004
0.8617910000000002
0.8660701999999993
0.8718877000000003
0.8769763000000008
0.8809988999999998
0.8859332999999996
0.8902225999999995
0.8947065999999992
0.8990650999999996
0.9033259999999999
0.9078525000000006
0.9128261999999996
0.9175970000000007
0.9226042999999997
0.9270478000000004
0.9315675999999993
0.9360029000000001
0.9406628999999995
0.9456444000000008
0.9522621000000004
0.9566447999999994
0.9608884
0.9656392
0.9698904000000006
0.9751746000000008
0.9795350000000003
0.9853170000000002
0.9901406999999995
0.9951413000000002
1.0002794000000002
1.0049419000000004
1.0099508999999998
1.0141848000000007
1.0191716
1.0235000999999997
1.0274710000000002
1.0317781999999998
1.0369813000000008
1.0419993000000005
1.0464439999999993
1.0508600999999995
1.0553352
1.0602915
1.0652144999999997
1.0707210000000007
1.0750623000000008
1.0806301000000005
1.0852488999999998
1.0897421000000005
1.0942383000000007
1.0996781999999996
1.1042532000000005
1.1083613999999997
1.1122349000000007
1.1172131000000007
1.1212361000000008
1.1257712000000009
1.1295145000000009
1.1340461000000008
1.1396741000000006
1.1443843000000005
1.1489487
1.1534052999999993
1.1584202999999995
1.1631026000000002
1.1678601000000004
1.1719095
1.1769274000000003
1.1819346999999993
1.1869119000000001
1.1914165000000008
1.1959859000000002
1.2007037999999994
1.2056798999999998
1.210177700000001
1.2150912999999992
1.2200372999999995
1.2245063999999992
1.228530600000001
1.2336086999999996
1.2382094000000006
1.2428393999999994
1.2469947000000001
1.2514724000000008
1.255821000000001
1.2606883999999994
1.2651895999999994
1.2696863999999994
1.2741673000000002
1.2791102999999993
1.2835459999999994
1.2879886000000003
1.2925427000000003
1.2975591000000009
1.3021411999999994
1.306644200000001
1.3116406999999999
1.3161351000000003
1.3211440000000003
1.3258281000000007
1.3311620000000008
1.3366015999999998
1.342092000000001
1.3476493000000005
1.3538764000000008
1.3590739000000003
1.3640609999999995
1.3687734999999996
1.3735902000000006
1.3781949000000004
1.3826692999999999
1.3876947000000008
1.3924815000000006
1.3974770000000003
1.4015298999999999
1.4064630999999999
1.4109906999999993
1.4159632999999996
1.4204860999999998
1.4247113000000002
1.4297111999999998
1.4348016999999995
1.4393325000000008
1.4438648999999995
1.4483382999999996
1.4533745000000007
1.4583989000000006
1.4628580000000007
1.4673747000000006
1.4718788000000007
1.4768608000000008
1.4816614000000001
1.4864163999999995
1.4912095
1.4954646
1.5005140000000008
1.5057487999999992
1.5102714000000006
1.5152689000000006
1.5200247999999998
1.5244967000000003
1.5290032999999994
1.5332208999999999
1.5396292000000003
1.5448201000000008
1.5492729999999995
1.5543106000000009
1.5585173
1.5628980000000006
1.5677915999999996
1.5727949999999993
1.5778207000000002
1.5823002000000006
1.5876166999999999
1.5925735000000003
1.5975765000000006
1.6022105
1.6072340999999994
1.6115148999999995
1.6159960000000009
1.6211725999999995
1.6255661999999997
1.6300418000000008
1.6348017000000006
1.6398869000000005
1.644273
1.6487593999999994
1.6532546999999997
1.6585110000000007
1.6629026000000007
1.6676877
1.6721152000000004
1.6764299000000005
1.6811203999999993
1.6856500000000008
1.6906309999999998
1.6953975000000003
1.7004373000000008
1.7047805
1.708783500000001
1.7127587999999996
1.7172450999999995
1.721240700000001
1.7255737
1.7299614000000005
1.7347614
1.7397741999999994
1.7447701000000002
1.749274400000001
1.7534560999999993
1.7580568999999997
1.7632367999999996
1.7679326
1.7729225999999993
1.7779846999999993
1.7839755000000004
1.7894711
1.7940617999999997
1.7985568
1.8036410000000007
1.8086716000000003
1.8131649000000003
1.8171996000000004
1.8221871000000007
1.827185
1.8311902999999994
1.8355227999999997
1.8409777999999992
1.845971800000001
1.8504962999999996
1.8549963999999992
1.8599756000000003
1.8644748999999994
1.8695594999999994
1.873751500000001
1.8777524000000003
1.8840892
1.8886388000000007
1.8931421000000004
1.8980563999999998
1.9028614000000008
1.9078338000000006
1.9128621
1.9172939000000007
1.9218179000000006
1.9260450999999996
1.9304245000000009
1.9347753999999995
1.9392946000000002
1.9448880000000006
1.9490087000000003
1.9535055000000003
1.9586851000000003
1.9640210000000007
1.9689280999999994
1.973298100000001
1.9777634000000006
1.982270100000001
1.9878356000000004
1.9923851
1.9973746000000006
2.0025931000000003
2.0078204999999993
2.012595900000001
2.0174030999999992
2.021874800000001
2.0258974
2.0299355000000006
2.0339358
2.0397370000000006
2.0447228000000006
2.048688200000001
2.0531302999999994
2.0576041000000007
2.0625275999999992
2.0679125999999997
2.0724386
2.0769625000000005
2.0819723999999997
2.0869768000000004
2.0912325999999997
2.0958295000000007
2.1009735000000003
2.1059544999999993
2.1107642
2.1147668999999993
2.1192721
2.1237706000000003
2.1277763000000007
2.1324257000000006
2.137735900000001
2.1422416999999996
2.1465517
2.1505291999999994
2.155554200000001
2.1604284000000007
2.1652372999999994
2.1699737
2.1739748
2.1779729999999997
2.1820725999999997
2.1863723999999998
2.191217
2.1959646999999993
2.2005353999999997
2.205986900000001
2.2104877999999992
2.214989300000001
2.2199094000000006
2.2241934000000008
2.2292842000000004
2.2345004
2.2396379999999994
2.2440032999999993
2.2485017999999997
2.2535027000000003
2.2601379
2.2647665999999997
2.2695249000000004
2.2745034000000004
2.2794106999999997
2.2834214
2.2879965
2.2925953999999997
2.2966043000000003
2.3011044
2.3060948000000003
2.3110885999999997
2.3162412999999997
2.3209836999999993
2.3253529000000004
2.3295130000000004
2.3333995000000005
2.3393935999999993
2.3437034000000008
2.3484949000000004
2.3531674999999996
2.3581380999999997
2.3631714000000006
2.3671717999999995
2.3715455999999993
2.3765728999999993
2.3815805999999995
2.3860624
2.390626900000001
2.3953287000000003
2.4008184999999997
2.4063163000000003
2.4111656000000004
2.4157954000000004
2.4203241
2.4253730000000004
2.4299215000000007
2.434951
2.4394241
2.4439455
2.448926
2.4539285999999993
2.459447300000001
2.4644432999999992
2.4689501000000007
2.4734227000000004
2.4778707000000004
2.484252100000001
2.4884369999999993
2.4924292
2.4969257999999996
2.5012445000000003
2.5062922000000007
2.511595100000001
2.5169499999999996
2.5212459999999997
2.5256427000000006
2.5298339
2.5347209999999993
2.5405067
2.5447523000000007
2.5503532999999994
2.5551315999999993
2.5596379000000002
2.5641318
2.5690077000000002
2.5729956000000005
2.5774965000000005
2.5822900000000004
2.586723900000001
2.591698600000001
2.5967249
2.6007014999999996
2.6051804999999995
2.6091730999999996
2.6131714000000006
2.6179371000000007
2.6236859
2.6284761999999997
2.6329379999999993
2.6381733999999994
2.6436206
2.649116899999999
2.6536691
2.6579043999999996
2.6638517000000004
2.6690547000000002
2.6735878
2.6785543
2.6838368999999993
2.6883198999999998
2.6930142999999997
2.6973032999999997
2.7022992000000006
2.7068060999999997
2.7113049
2.7162921000000004
2.7211133000000007
2.7263667
2.7318929
2.7365820999999997
2.7418981999999996
2.7464490999999995
2.7508099
2.7563004000000006
2.7613070000000004
2.7657804000000006
2.7698871999999994
2.774273000000001
2.7794203
2.7841527999999993
2.7891607999999994
2.7941754999999997
2.7996207999999996
2.8049441
2.8099743000000004
2.8149563000000004
2.8199351999999998
2.8244349
2.8287522999999997
2.833567200000001
2.8382474
2.8430862999999995
2.8475841000000006
2.8530420000000003
2.8580121
2.8622286
2.8669756999999993
2.8716743000000005
2.8762051999999994
2.8807407000000005
2.8855409000000005
2.8897633999999996
2.893744700000001
2.8987017999999996
2.9036758999999996
2.908581700000001
2.9130784
2.9176292000000004
2.9219702000000005
2.9275865999999997
2.9323634999999992
2.936884300000001
2.9418986
2.9468812999999994
2.9524016
2.9578533
2.9638738999999994
2.9679491000000002
2.9724231000000003
2.9774405999999995
2.9819198999999994
2.9878897
2.9926312999999993
2.9971484999999998
3.0021263000000005
3.0071586000000003
3.0116241000000006
3.0162294999999997
3.0215919000000007
3.0265667999999994
3.0310664000000003
3.0360499
3.040356300000001
3.0448327000000006
3.0489549999999994
3.0535715000000003
3.0587268000000005
3.0631059999999994
3.0680203000000006
3.0720495000000003
3.0765176000000007
3.0808861000000007
3.0848844999999994
3.0903860000000005
3.0959202
3.100447000000001
3.104894099999999
3.1094083999999995
3.1135111999999996
3.1185367999999993
3.1229718
3.127445700000001
3.1323152000000007
3.136539000000001
3.1405721
3.1453722000000006
3.1502277000000003
3.1546374999999998
3.1591360999999996
3.1641353
3.1686206000000006
3.1735982000000007
3.1776771000000004
3.1816578
3.1861832000000003
3.1902381999999996
3.1947582000000008
3.1992440999999996
3.204434000000001
3.2089563000000005
3.2134298999999995
3.217956600000001
3.223726000000001
3.2287312999999997
3.233740000000001
3.238279500000001
3.2432704999999995
3.2479578
3.2526592
3.2570978999999998
3.2615941
3.2664404000000005
3.2714724000000004
3.2764580999999993
3.2804462999999995
3.2849518999999994
3.2896342999999995
3.2944522999999997
3.298483900000001
3.3033009
3.3088932999999994
3.3128720000000005
3.3176342000000005
3.3226072
3.3271689
3.3327448000000004
3.338198200000001
3.3468
3.3516288000000003
3.357028400000001
3.3616898000000006
3.3671051
3.3716182999999997
3.376004
3.3805300999999996
3.3854936999999996
3.3898037
3.3943060999999997
3.3982987
3.4029097000000004
3.4069359000000006
3.411908500000001
3.4164109000000007
3.4206006
3.4254721000000004
3.4294290000000007
3.4334077
3.439581500000001
3.4444008999999998
3.4493826
3.4543929999999996
3.4588438000000004
3.4643488
3.4687239000000005
3.4732368000000005
3.4782767999999997
3.483612000000001
3.4889095
3.4936377000000007
3.4984903000000003
3.5037046000000007
3.5089971999999996
3.5129815000000004
3.5169566000000003
3.5210424000000007
3.5252575000000004
3.5297617
3.5340193000000006
3.5387714999999993
3.5436130000000006
3.5483051999999997
3.5533140999999997
3.5596928000000005
3.5649382999999997
3.5695815999999994
3.5745801999999998
3.5801058999999995
3.5845781999999993
3.588882700000001
3.5935167000000003
3.5985475000000005
3.6034299999999995
3.608470800000001
3.613177500000001
3.6174111
3.6213809
3.6257646999999995
3.630036800000001
3.6343940999999997
3.6397128
3.6448467000000004
3.6494941
3.6540385000000004
3.658573799999999
3.6631655
3.6671625999999993
3.671733400000001
3.6767296
3.681450700000001
3.6864363000000004
3.6920941999999997
3.6970322000000007
3.7013499000000003
3.7058672
3.7116553999999997
3.7161337000000003
3.7210579999999993
3.7258510000000005
3.7297498000000004
3.7341937000000005
3.7382206
3.743558
3.7478067
3.7522582
3.7572913000000003
3.7617087
3.7661096999999994
3.771241700000001
3.7754434999999997
3.7799087999999994
3.7849169000000007
3.7894088999999997
3.7938951000000003
3.7989008999999996
3.8045100000000005
3.8086263999999996
3.8130448
3.8175589
3.822553300000001
3.8271289
3.8316441999999995
3.8364262
3.8408406999999993
3.8448463999999998
3.8489082000000003
3.8533635999999998
3.859013600000001
3.8638350999999993
3.8679132000000003
3.8728838000000003
3.8778986
3.8818690999999994
3.886545
3.891211
3.8962515
3.9007018999999996
3.9052624
3.9095078
3.9139946000000005
3.918492799999999
3.9235857000000003
3.9281205999999997
3.9326220999999997
3.9377116999999995
3.9419559
3.9461236
3.9504301
3.9558982999999994
3.9604490000000006
3.9654358999999992
3.9704891
3.9748485000000002
3.9800830000000005
3.984543500000001
3.9895303
3.9939303000000006
3.9995261000000006
4.004643400000001
4.008907600000001
4.013187
4.017504499999999
4.0215026
4.026000700000001
4.0304026
4.034961300000001
4.0398882
4.0446481
4.049416000000001
4.0545042
4.0589154999999995
4.0647226
4.0699887
4.0745822
4.0792974
4.0835971
4.088206100000001
4.09318
4.097577599999999
4.1027006
4.108528
4.112719500000001
4.1173812000000005
4.1215741999999995
4.125734400000001
4.1297134
4.1339694
4.1396029
4.144425399999999
4.1494289
4.1543446
4.1590559
4.1635870000000015
4.168852500000002
4.174222800000001
4.178655000000001
4.1835811
4.187820799999999
4.1918004
4.196687800000001
4.201393699999999
4.206430899999999
4.2118750999999985
4.216858799999999
4.221620799999998
4.226638299999999
4.231640700000002
4.235934599999998
4.240245
4.2454038
4.2502483999999985
4.254454399999998
4.259077400000001
4.263266100000001
4.267405999999999
4.271643899999999
4.276327700000001
4.2808291
4.2850634
4.2900624999999994
4.2945647000000005
4.298561000000001
4.3025456
4.306868799999998
4.311868500000001
4.316100799999999
4.321169899999999
4.325662599999999
4.3295708999999984
4.334081100000001
4.338636500000002
4.343132599999999
4.3487977
4.3539999
4.358700100000002
4.363155000000001
4.3679749999999995
4.3721309
4.377129000000002
4.381289600000001
4.3860928999999995
4.3915324999999985
4.396599400000001
4.4015968999999995
4.406186499999999
4.4110076
4.4153146
4.419627700000001
4.424056599999998
4.429439199999999
4.433704199999999
4.439747299999999
4.445006699999999
4.4497403
4.454095199999999
4.458304700000001
4.463403300000001
4.467563700000001
4.472111
4.4771959
4.481688400000001
4.486343799999998
4.4908409
4.495324500000001
4.5002863999999985
4.504736599999999
4.508775399999999
4.513118199999999
4.517550399999999
4.522552899999999
4.527710099999998
4.532190399999999
4.537070099999999
4.541771599999999
4.546218099999999
4.5521902
4.5562822
4.560283199999999
4.564633800000001
4.569374399999999
4.573513499999999
4.579713700000001
4.583653799999999
4.5877696
4.592270900000001
4.596781000000002
4.601490199999999
4.606957400000001
4.612750700000001
4.617380299999999
4.621507599999999
4.6259071999999986
4.630342499999999
4.635325799999999
4.640344100000002
4.644804599999999
4.649279300000002
4.6537247
4.6589656
4.663296399999998
4.667295399999999
4.671481699999999
4.676482099999999
4.680988000000001
4.685795799999999
4.690705800000002
4.695513700000001
4.700522000000001
4.705050000000002
4.710042499999998
4.7140539000000015
4.7184343
4.7233979
4.7274589
4.732492200000001
4.7377717000000015
4.7419621
4.746222399999999
4.750476099999998
4.754963500000001
4.759947200000001
4.765467200000002
4.770237
4.774728399999999
4.779348400000002
4.784640600000001
4.7896178
4.794403900000001
4.799349900000001
4.804779699999999
4.809167
4.8136928
4.818691100000001
4.8236924000000005
4.828738200000002
4.833545200000001
4.838146400000001
4.843147199999999
4.8483627999999985
4.853105099999999
4.8585432000000015
4.8629756
4.867345500000001
4.8723428
4.8772666000000005
4.881830599999999
4.8866821
4.890928400000002
4.895275400000001
4.900405600000001
4.9050508
4.909406200000001
4.913416100000001
4.917860599999999
4.9228778
4.927597199999999
4.9323353
4.936731799999999
4.941903000000002
4.946480899999999
4.9509998
4.956315900000002
4.961015099999999
4.965318399999999
4.969816400000001
4.9751627
4.9796739
4.984203599999999
4.9891934
4.993808400000001
4.997652199999999
5.0023268000000005
5.007311
5.011545
5.016523000000001
5.0210992
5.0260760000000015
5.0305786
5.035450299999999
5.039766299999998
5.0442813
5.048284600000001
5.053129799999999
5.0581151
5.062670299999999
5.0677351999999996
5.0728679
5.077201199999999
5.081788000000001
5.086709600000001
5.091161600000001
5.0958916
5.1006497
5.104856700000001
5.1090164
5.112993999999999
5.117357700000001
5.121605400000002
5.1257468
5.1299082999999985
5.134118899999999
5.1385141
5.1423766
5.146877600000002
5.151466300000001
5.155781599999999
5.160476600000001
5.165461299999999
5.1699593
5.175100899999999
5.179603200000001
5.184260799999999
5.189259099999999
5.193670599999999
5.198081499999999
5.202917300000001
5.206897799999998
5.210922699999999
5.2152096
5.220185299999999
5.225149199999999
5.229637500000001
5.2336717
5.238180099999999
5.243144599999999
5.2481355999999995
5.253137400000002
5.2573367000000015
5.261335099999998
5.265351399999998
5.2703291
5.275262100000001
5.279808900000001
5.2844642
5.2889894
5.293988000000001
5.2989853
5.3039887
5.3082121
5.312998899999998
5.3174048
5.3224292
5.3274442
5.331853100000002
5.336908200000002
5.3419294
5.346069000000002
5.3503688
5.3551297999999985
5.359567700000001
5.364087
5.368571399999999
5.3731153
5.378282199999999
5.383819000000001
5.388978700000001
5.393955100000001
5.397972999999999
5.402748900000001
5.407238900000001
5.411243100000002
5.416219799999999
5.420822800000002
5.425432599999999
5.4299227000000005
5.434410999999999
5.439624700000001
5.444897299999999
5.448874600000002
5.4534225
5.457896499999999
5.463848199999999
5.468754500000001
5.473747300000001
5.4777799
5.481778
5.4869401
5.491870799999999
5.496547699999999
5.5010651
5.505430200000001
5.509475100000001
5.514133500000002
5.5181308
5.5222213
5.5271108999999985
5.531882699999999
5.536696300000001
5.541184899999999
5.545989199999999
5.551015300000001
5.5560125
5.5605122
5.5655155999999995
5.5704327
5.575113
5.579541600000001
5.583677700000001
5.5882846
5.592342499999999
5.5963273000000004
5.600624999999999
5.604991799999999
5.6099945999999985
5.6151611
5.620164099999998
5.625218800000001
5.629667200000002
5.634120099999999
5.639804700000001
5.644852800000001
5.648834500000001
5.653806699999999
5.6592451000000015
5.664190100000001
5.668393400000001
5.672883199999999
5.677732499999999
5.681737499999999
5.686102
5.690858100000002
5.695347499999999
5.700475200000001
5.705083400000001
5.709081200000002
5.7140577
5.718608399999999
5.7235841999999995
5.728082299999999
5.732382500000002
5.737021499999999
5.741285500000002
5.746264300000002
5.750834800000002
5.756375
5.7614748
5.766480499999998
5.7707491000000015
5.775145499999999
5.779540899999999
5.783829500000001
5.788349800000001
5.7927391
5.798537099999999
5.803680099999999
5.808578899999999
5.813029200000001
5.81724
5.821737300000001
5.826298400000001
5.8315073
5.8358536999999995
5.839850100000001
5.844977200000001
5.849448400000002
5.854551500000001
5.858958599999999
5.864922000000002
5.8699137
5.8742675
5.8798569999999994
5.884476399999999
5.889030499999999
5.893205400000001
5.898724499999998
5.9040333
5.909190799999999
5.9136904999999995
5.9186955
5.924514
5.929245400000001
5.9332379
5.938290799999999
5.943612199999999
5.948418900000002
5.953364599999999
5.9575789
5.962121399999999
5.9676603
5.9728663000000015
5.977721300000001
5.983950500000001
5.9882118
5.9930535
5.997949400000001
6.003167500000002
6.0085077999999985
6.0127471
6.017255400000002
6.021270800000002
6.026248900000001
6.0315408
6.036778700000001
6.042076199999999
6.0468493
6.051827900000001
6.0572967
6.061784300000001
6.067085400000002
6.0714323
6.075954000000001
6.079924700000001
6.083940100000001
6.0884321
6.093411699999999
6.098182400000001
6.102554700000001
6.107375899999999
6.1116303
6.117122799999999
6.121638599999999
6.126132499999999
6.130616000000002
6.1356144
6.1406331000000005
6.145610700000001
6.150457300000001
6.154657500000001
6.158703900000001
6.1631558
6.167715299999999
6.172211800000001
6.177191299999999
6.182213800000001
6.186726500000001
6.191879900000002
6.196588799999999
6.200758599999999
6.2048809999999985
6.209437599999999
6.2144859000000015
6.2192381
6.223662899999999
6.228699300000001
6.2329056000000005
6.2379079000000015
6.242404899999999
6.2468907
6.251872700000002
6.256103600000001
6.2609072
6.2654143000000015
6.269952600000002
6.2746397
6.279334
6.2840015000000005
6.288286999999999
6.292560799999999
6.2975777
6.3030895000000005
6.308561299999999
6.312671499999999
6.317250100000001
6.3222693
6.327270199999999
6.332272699999999
6.3365375
6.3407766
6.344925000000002
6.350633100000001
6.355391899999999
6.360389100000001
6.364741799999999
6.3702427
6.375214399999999
6.379747199999999
6.383925499999998
6.388250900000001
6.392368299999999
6.3973710000000015
6.402374700000001
6.406875399999999
6.4109374
6.4157417
6.4199325
6.4240265999999995
6.4284994000000015
6.4329971
6.438526699999999
6.443030500000001
6.4485168999999996
6.453387999999999
6.4585183
6.4628868000000015
6.467552400000001
6.4720727
6.4770685
6.481580899999999
6.486204899999999
6.4912687999999985
6.495544100000002
6.499393899999999
6.504477499999998
6.508494499999999
6.5129429000000005
6.517255199999999
6.521693900000001
6.5260722
6.530064300000001
6.5350713
6.5395637
6.545066700000001
6.549306499999998
6.553701299999998
6.558552499999999
6.5637558999999985
6.568534600000001
6.573562900000001
6.577649299999999
6.581679899999999
6.586153699999999
6.590800100000001
6.595713399999999
6.599717499999999
6.6050533
6.6095321999999985
6.613829000000001
6.6180182
6.623182699999999
6.627593299999999
6.631589799999999
6.636385299999999
6.640830299999999
6.6460183
6.6518572
6.656845899999999
6.661759399999999
6.6669532
6.671295299999999
6.6762435
6.6811823000000015
6.686605900000002
6.691953400000001
6.6965610999999985
6.700800899999999
6.705413999999999
6.7104088000000015
6.715417799999999
6.720038700000002
6.725251800000001
6.7297291999999995
6.7341617
6.7383296999999995
6.7434782
6.748465600000001
6.753360899999999
6.758867100000002
6.7638686
6.767964300000001
6.772745800000001
6.777116999999999
6.781684
6.786219900000001
6.790840300000001
6.795347399999999
6.7995290000000015
6.804432700000001
6.808837500000001
6.8132669
6.817760000000002
6.823659000000001
6.828239600000002
6.833233300000002
6.839571900000001
6.8449367
6.8492616
6.854391699999999
6.8599568999999985
6.864805299999999
6.869341199999999
6.874361500000001
6.879686699999999
6.884167799999998
6.889177800000001
6.8945037
6.899009000000001
6.9035615
6.9079943
6.913286399999999
6.9177848000000015
6.9220734
6.927159999999999
6.931369300000002
6.936363600000002
6.9411605000000005
6.9459356
6.949924999999999
6.954924700000001
6.959888600000001
6.9644131
6.9694372
6.9741887999999985
6.979324499999999
6.984074399999999
6.988343200000001
6.992822899999998
6.997889500000001
7.002112899999998
7.006379900000001
7.0116794
7.015941700000001
7.0211047
7.025533300000001
7.030026600000001
7.0350024000000015
7.0400428
7.0445052000000015
7.0495106
7.054869699999999
7.0598765
7.064637299999999
7.069153699999999
7.0743206999999995
7.07896
7.0849129999999985
7.089848600000002
7.094329799999999
7.098377399999999
7.102846000000001
7.1078060999999995
7.112633300000001
7.1171682
7.121610599999999
7.126250499999999
7.1312233
7.136130799999998
7.140955100000001
7.145453099999999
7.1507355000000015
7.155618500000001
7.160608000000002
7.164645800000001
7.169607999999998
7.174060800000001
7.178637799999999
7.185451899999999
7.189821499999999
7.1943222
7.198825399999999
7.203340299999999
7.2074072000000005
7.212363300000002
7.217884799999998
7.222141500000001
7.2270822
7.2316056
7.236151000000001
7.240714800000001
7.2460346
7.2516731
7.257669999999999
7.263943899999999
7.2688881
7.274199399999999
7.2795036
7.283886600000001
7.289262299999999
7.293692699999999
7.2978819999999995
7.302397999999998
7.3078767
7.312729299999999
7.317172600000001
7.321211400000001
7.325390700000002
7.3298404
7.333853500000002
7.338870099999999
7.3438694999999985
7.348498699999999
7.352984699999999
7.357588000000002
7.363475299999999
7.368108999999999
7.3724957
7.3774706000000005
7.382000799999998
7.3863906
7.391108999999998
7.395598600000001
7.400547900000001
7.404822999999999
7.408940500000002
7.4134782999999995
7.418442000000001
7.423648000000002
7.427936300000001
7.432782699999999
7.437329400000001
7.442056500000001
7.4465588
7.4518304
7.456276600000001
7.4606498000000006
7.465709500000001
7.470214199999999
7.4745453999999985
7.479402899999998
7.484223900000002
7.4892494
7.4938211
7.498488199999999
7.5030321
7.507937
7.512320700000002
7.5172916999999995
7.522050500000001
7.527444900000001
7.5328429
7.538296900000001
7.543755599999999
7.548893300000001
7.553324999999999
7.558619500000001
7.564044000000001
7.569414499999999
7.574108600000001
7.578361599999999
7.582828900000001
7.587339000000002
7.5919986999999995
7.596584099999999
7.600599300000001
7.6051066999999986
7.609504299999999
7.613530500000001
7.617979100000001
7.6229833
7.628011599999999
7.632381499999999
7.637110000000002
7.6418649
7.646240400000002
7.650502399999999
7.6546821000000005
7.659209200000001
7.664185900000001
7.668664099999999
7.6727328
7.6772337
7.681731000000001
7.686216799999999
7.690717900000001
7.695973100000002
7.700736300000001
7.705506999999999
7.7105099
7.714986099999999
7.719593300000001
7.7249797000000004
7.7296980999999985
7.7346694
7.738909900000001
7.7439029
7.747915099999998
7.752792699999999
7.7577908
7.7635729000000016
7.7687036
7.773543600000002
7.778082500000002
7.782356000000002
7.787141499999999
7.7918401
7.796704700000001
7.800701699999999
7.805532000000001
7.8095801
7.8141099
7.818440700000002
7.822445400000001
7.8279473
7.832386600000001
7.836691400000001
7.8415965
7.846619200000001
7.851813900000002
7.856540900000001
7.860996300000002
7.8654916
7.8695460000000015
7.8740694000000016
7.8785665
7.8837168
7.888061299999999
7.893569399999999
7.8985726
7.902575400000002
7.907549900000001
7.912533399999999
7.917557100000002
7.921754699999999
7.927592500000001
7.932995400000001
7.938181600000002
7.943173
7.947480199999999
7.952454099999999
7.957476699999999
7.9639454999999995
7.968802299999998
7.973637500000001
7.9776945
7.983912800000001
7.9898644
7.9939181
7.999154299999999
8.0033494
8.0085688
8.0132946
8.0172957
8.022297700000001
8.027263800000002
8.0318521
8.036335800000002
8.041361499999999
8.0465025
8.0505315
8.0548104
8.059329100000001
8.063751300000002
8.0676793
8.072181500000001
8.0773849
8.082042
8.086327899999999
8.0915887
8.096851200000001
8.101325399999999
8.105849000000001
8.111512
8.117120000000002
8.122244700000001
8.126864800000002
8.132879999999998
8.1373592
8.1419811
8.147509300000001
8.152479399999999
8.157466600000001
8.1616345
8.1670462
8.1720108
8.1770382
8.181479999999999
8.185980500000001
8.1899727
8.1944778
8.198979800000002
8.203970700000001
8.208801200000002
8.213307299999999
8.2183042
8.2230902
8.227567299999999
8.2325502
8.237817300000001
8.242242899999999
8.246503500000001
8.250903500000002
8.255904
8.260878700000001
8.265897400000002
8.271199900000001
8.2758138
8.279900199999998
8.283901299999998
8.289004499999999
8.293206
8.298112600000001
8.3030545
8.3080223
8.313089100000001
8.317297000000002
8.321557
8.3263634
8.331454899999999
8.336787800000002
8.3415905
8.346859
8.352095400000001
8.358207900000002
8.363502500000001
8.368768399999999
8.374036599999998
8.3805772
8.385565099999999
8.390705500000001
8.396183299999999
8.401836999999999
8.406642100000001
8.413253200000002
8.417903399999998
8.425598299999999
8.432532100000001
8.4380747
8.4425021
8.447187999999999
8.4520283
8.4573898
8.464685600000001
8.4700459
8.4748395
8.4821227
8.487091999999999
8.492427900000001
8.496880200000001
8.5013691
8.506237700000002
8.510747
8.5155628
8.5203109
8.525411499999999
8.5300375
8.5343727
8.539357700000002
8.543969899999999
8.548820699999998
8.5548928
8.559301
8.5651909
8.5740778
8.580492999999999
8.5850351
8.5898804
8.594642299999999
8.599048999999999
8.604005800000001
8.6090186
8.613287000000001
8.6176695
8.6220552
8.6269963
8.632642200000001
8.638111199999999
8.642300700000002
8.646791599999998
8.6511567
8.657518000000001
8.662907599999999
8.6691831
8.673850799999999
8.6783989
8.6837705
8.688089499999998
8.6923427
8.697158700000001
8.702135700000001
8.707113099999999
8.711318400000001
8.7175277
8.722164399999999
8.729145399999998
8.738477699999999
8.7431034
8.74742
8.7532723
8.7607266
8.7655643
8.7705893
8.777139
8.781578600000001
8.7863192
8.7930555
8.797959100000002
8.8054419
8.8102025
8.8148507
8.821808800000001
8.826176299999998
8.830864100000001
8.835577299999999
8.8411655
8.8500487
8.855473900000002
8.861282300000001
8.8656095
8.873249200000002
8.877789600000002
8.8821326
8.887018500000002
8.8930393
8.897772600000001
8.902693600000001
8.910125299999999
8.914749899999999
8.921478599999999
8.9264952
8.930950999999999
8.9374378
8.945317999999999
8.953636399999999
8.9607795
8.965491600000002
8.9730814
8.978400299999999
8.984968400000001
8.989992599999999
8.994963700000001
8.999538200000002
9.005159099999998
9.0096048
9.0138531
9.0192082
9.0260917
9.032704700000002
9.038458700000001
9.0426801
9.047086600000002
9.051405
9.057297400000001
9.062363800000002
9.067618000000001
9.073376600000001
9.0777628
9.0825655
9.087145999999999
9.0923551
9.097481499999999
9.102661200000002
9.1075377
9.113076300000001
9.1173749
9.1223874
9.127176799999999
9.1332988
9.138301
9.1433181
9.1493452
9.155032400000001
9.159585000000002
9.1654608
9.170408199999999
9.1756342
9.181182600000001
9.1857885
9.190347399999999
9.1952096
9.2001349
9.205802
9.210582400000002
9.21485
9.2199759
9.225508
9.2300168
9.2351558
9.2398532
9.245275300000001
9.251057300000001
9.2572055
9.262022799999999
9.2673222
9.2787892
9.2856829
9.290101600000002
9.294447799999999
9.2986956
9.3078652
9.3131842
9.3179204
9.3226785
9.3270803
9.332017599999999
9.33732
9.3424502
9.348493200000002
9.3533827
9.3605593
9.366330199999998
9.371557699999999
9.3775024
9.3820548
9.388653799999998
9.3937948
9.3981132
9.4046097
9.409352
9.413956700000002
9.419324999999999
9.424483
9.4297019
9.4344239
9.439281800000002
9.444005299999999
9.449279800000001
9.4559586
9.461526000000001
9.4673362
9.472198
9.477179099999999
9.481459899999999
9.4869708
9.4924613
9.497146500000001
9.501785199999999
9.506839699999999
9.5115821
9.517394300000001
9.522204400000001
9.5291065
9.534258800000002
9.5388279
9.545712400000001
9.551024400000001
9.5571696
9.561745700000001
9.566520599999999
9.5731452
9.5776721
9.5819244
9.587274500000001
9.5922362
9.5973457
9.602564800000001
9.6073431
9.6130257
9.617333499999999
9.622159600000002
9.626699400000001
9.6322816
9.638071000000002
9.645388299999999
9.653162100000001
9.657807
9.663096999999999
9.6703518
9.677197399999999
9.681917499999999
9.6890454
9.694109200000002
9.6985576
9.703114999999999
9.7077741
9.713165900000002
9.717849200000002
9.722912599999999
9.7291358
9.735032200000001
9.741488899999998
9.7489002
9.7542487
9.7614584
9.765877099999999
9.773439699999999
9.778632700000001
9.7854859
9.791200900000002
9.797431900000001
9.8020886
9.8067522
9.8117392
9.8175744
9.8224824
9.8272803
9.831559100000002
9.8374711
9.845317
9.8536263
9.859248500000001
9.8653383
9.871715499999999
9.8773852
9.8821986
9.889300400000002
