time,vel,weight
2.7502636000000003,3.4208976576044616,0.0010156590224245194
2.7557755999999998,3.428852322070619,0.0024664799040904875
2.7607475999999984,3.435928104004444,0.0037772671870948647
2.765591699999998,3.4427457784310533,0.005059040162598471
2.7702925,3.44923546715703,0.0062969751571304005
2.7752441999999995,3.455956378757871,0.007598082212086701
2.7797564999999977,3.462035463091048,0.008792311108864456
2.7852774999999994,3.4693408078498797,0.010250200930903742
2.789742699999998,3.4751253651401117,0.011422959240129411
2.7943247000000007,3.481001036421463,0.012631510654154498
2.7992862999999986,3.487302222911073,0.013947784278941448
2.8047644,3.4940817383467433,0.015388371023052537
2.8097950999999988,3.500225601389892,0.016716751527060703
2.8147458000000007,3.5061512456479065,0.018019520310538228
2.8195061999999993,3.5117639560008964,0.01927391433041692
2.8242431000000003,3.5172616600825726,0.02052274287858351
2.828772999999998,3.5224481104893743,0.021719952336040217
2.8327627,3.5269368239140104,0.022771694606339783
2.8377689000000004,3.532501373060683,0.02409648788687521
2.842880900000001,3.5380521963490246,0.025442224222098523
2.847999299999998,3.5435094130135427,0.02679004431213332
2.8530435999999995,3.5488058025589146,0.028122856092196554
2.858023799999998,3.553936465199641,0.02943839117097416
2.8635300999999984,3.5594875080480337,0.030890267118367634
2.8685240999999984,3.5644327601398773,0.032210075213341224
2.8725232,3.568310557761788,0.03326329457565944
2.8780672000000003,3.573581572522886,0.034722081203567116
2.8835204999999995,3.578685026068195,0.03616599140471885
2.888038599999998,3.5827985438100596,0.037353705270630054
2.893024999999998,3.587259006158818,0.03866707746466662
2.898022300000001,3.5916396534772144,0.03998422151867942
2.9035556999999983,3.596395749138126,0.041446753629918884
2.9090232,3.600977349368217,0.04288971427191616
2.9135235,3.6046920522921315,0.044085789533715836
2.9185248,3.6086830166498216,0.04539855506495961
2.923911199999999,3.61288869147167,0.04681503355720131
2.929027099999999,3.6168020285533085,0.04816562319476995
2.934034699999998,3.6205432913749016,0.04948822721392088
2.938505499999998,3.6237926181636277,0.05066349130424921
2.9439995000000003,3.6277016552717205,0.05211238669096277
2.9488906999999998,3.6310949170431606,0.053403312361650225
2.9540220999999995,3.634567489263345,0.054758781678208635
2.958522800000001,3.637535067781079,0.05594668018062146
2.9630170999999983,3.640414568720438,0.0571272195995863
2.9680308999999987,3.6435693667346074,0.058454465907937396
2.972522999999999,3.646311330119169,0.0596389090700931
2.977500799999998,3.6492634000172615,0.06094874679394394
2.982728299999998,3.65228105991587,0.06232784958279453
2.9875833000000007,3.6550031803543295,0.06360972806487024
2.9925546999999995,3.657706421676017,0.06492138577709951
2.9970415999999993,3.660073216420523,0.06610416721073491
3.002123900000001,3.662677732191163,0.067446184439269
3.0075807999999995,3.665374567603652,0.0688847138052121
3.0125858,3.66777095495556,0.07020905868281381
3.017606699999998,3.6700811617887172,0.07153116154574403
3.0225770999999995,3.6722885179600384,0.07284041898344462
3.027565899999999,3.6744259468165,0.07415571667243358
3.0325974,3.676505017969509,0.07548502035895367
3.0370995,3.6782929853673094,0.07667202205549807
3.0420803999999997,3.6801969271779997,0.07798578989918324
3.047080300000001,3.6820248290483777,0.07930124584803132
3.0528185000000008,3.6840301119148444,0.08081378807474743
3.0576194999999977,3.6856351418289677,0.0820842190936807
3.0620763999999987,3.6870530321722548,0.08325708290947942
3.0676099999999984,3.6887380468468844,0.0847217251521739
3.0730669000000006,3.6902951246252806,0.0861546626697614
3.0770824999999995,3.69138988520999,0.08721545212867275
3.0811370999999994,3.69244940822617,0.08829056410483328
3.0846149999999994,3.693311663241425,0.08920556985686925
3.0896006000000007,3.6944856724098845,0.09051836176475656
3.0936184000000004,3.6953786201097056,0.09157714659878591
3.0980945999999996,3.696316786127574,0.09275636718559206
3.102856899999999,3.697250580174642,0.09401168438798174
3.1076209000000006,3.698122958721691,0.09527475632346803
3.112638699999998,3.6989644710203375,0.09659707019954336
3.1176463000000005,3.6997297510175517,0.09791352846083284
3.1230988999999987,3.700486348317477,0.09935722764883947
3.127092300000001,3.700981536946225,0.10040480240951606
3.1326146,3.7015972920186675,0.10186643771488803
3.137116599999999,3.702033118398398,0.10305293825521172
3.1421121999999997,3.702449483029854,0.10436776116462444
3.1466624000000003,3.7027684134746215,0.10556644771409887
3.1521055999999987,3.7030753186246415,0.10700531997640367
3.1565969000000003,3.7032659342689183,0.10818810141003811
3.16113,3.703402253903734,0.10938201378709769
3.166119899999998,3.7034877458016586,0.11070161086892526
3.170596700000001,3.703506567303311,0.1118826250674673
3.1751371000000006,3.703470225448605,0.11308226117609711
3.1801372999999984,3.703366232631499,0.1144003547892644
3.1846253000000004,3.7032158553021732,0.11558514084778078
3.189595999999998,3.702987949595787,0.11689168149123358
3.194619199999998,3.7026896482853395,0.11822106430768323
3.1996290999999992,3.7023273427405963,0.11954192746838425
3.2046431999999996,3.701899181504743,0.12086445235760569
3.210124999999998,3.7013571908870917,0.12230912748141022
3.214602599999999,3.7008569061883883,0.12349006255002275
3.2190972,3.7003042061640645,0.12467355615302399
3.2236437000000002,3.69969304277717,0.12587092387033974
3.2281423999999994,3.6990325912212505,0.1270636229218119
3.233134700000001,3.6982446317090023,0.1283792371305199
3.238637999999998,3.6973039290355416,0.1298299788822564
3.243617399999998,3.6963860597593,0.13114575135082257
3.248603199999998,3.695408909260543,0.13245914992150262
3.2528597999999995,3.694528852789208,0.13357791524213228
3.2581184999999984,3.6933720790423754,0.134970971275226
3.2636186999999985,3.6920962675558835,0.13642144926053124
3.267602,3.691132477005141,0.13746625447367308
3.2721343999999988,3.6899800961284877,0.13866567956915776
3.277111599999998,3.6886639153410012,0.13997741641131659
3.2811239999999984,3.6875553584486696,0.14103984122210567
3.286147700000001,3.6861273774056666,0.14235801396520248
3.291160999999999,3.6846321607090484,0.14368436346768515
3.2966718999999998,3.682925442197906,0.14513903533925693
3.3016588999999996,3.6813233058155372,0.14645367361216607
3.306459799999999,3.679729440243433,0.1477179588732389
3.311361699999999,3.678047811168824,0.14900951758336273
3.316376899999998,3.6762629670809,0.1503374496844371
3.3213595,3.674449325317786,0.1516458894461988
3.326387199999999,3.672548436495706,0.15297714500431386
3.3308909999999976,3.6708083867681323,0.15416290699862917
3.335858299999998,3.668839513907507,0.15546994879830173
3.339869499999999,3.6672029290238326,0.15653055362071144
3.3445532999999976,3.665256178002979,0.15776392545597273
3.3493998000000005,3.6631802139550578,0.15904783493957386
3.3544038999999977,3.660996220823179,0.1603663242023879
3.3593842999999985,3.658763020818083,0.16168294072353642
3.3644296999999987,3.656457103699416,0.1630114267341176
3.3679270999999993,3.6548254413709422,0.16393368606302955
3.372888400000001,3.6524713520764713,0.16523998931669276
3.376908399999998,3.6505176892997326,0.16630357469978235
3.382006099999998,3.648011850088821,0.1676422684712749
3.3864652999999976,3.645763758210008,0.16882035486242408
3.391443299999999,3.6432090262649623,0.17013449197911348
3.3969158999999998,3.640345169169132,0.1715784549335512
3.4023958999999984,3.6374181850568386,0.1730244752661579
3.4069037999999985,3.634965225151273,0.17421458940659873
3.4113964999999986,3.632495241428762,0.17539410013647955
3.4164183999999977,3.6296662111574785,0.17672308730328057
3.4214100999999992,3.626814001492626,0.17804052150036795
3.425943199999999,3.624182019150669,0.17923733530817698
3.4309109999999983,3.62124821924707,0.18055115590514828
3.4358933,3.618279600047572,0.1818599913165577
3.440559399999998,3.6154535840639603,0.18308771855017736
3.445887599999999,3.6121707749639995,0.18449272320263413
3.4504157000000006,3.609332322598993,0.1856901172965925
3.4548892,3.6065067912873703,0.18686677934900991
3.459407500000001,3.603595209983709,0.18806404155975265
3.4644239,3.6003342862711554,0.18938743687819898
3.4684206999999994,3.597701345458475,0.19044305651504684
3.4735948000000008,3.5942757977598756,0.19179995017033694
3.4789220999999984,3.5906717591332216,0.19320830465647781
3.4839424999999977,3.587236720462829,0.19453312431365577
3.488928099999999,3.5837853431283344,0.19584784171649547
3.4939088,3.5802962597558583,0.19716095014409996
3.498410100000001,3.5771074928352498,0.19834758256764018
3.5029353000000008,3.5738636781768474,0.19954204885420648
3.5079399,3.570228259798002,0.20086615634201868
3.5129266,3.5665885921734457,0.2021770227549535
3.5184329000000005,3.562507702490503,0.20362995376807444
3.5234103999999995,3.558779875004779,0.20494227089638356
3.5281366,3.5552032692386044,0.20618851453351886
3.533429299999998,3.5511493457398,0.20758647662224491
3.5379073000000005,3.5477015745685403,0.20876366620752562
3.5424939,3.5441168356805086,0.2099765961443198
3.5469387999999995,3.5406143851329315,0.2111512008185683
3.5524108000000005,3.536285560116383,0.21258914989836114
3.5569220999999978,3.5326605905264987,0.21378198083304883
3.5619221000000003,3.528624733659731,0.2150983335877653
3.5669430999999996,3.524516787646922,0.21642600192240763
3.5719527000000006,3.5203843788299167,0.217749608254
3.5769458000000007,3.5162334544761418,0.2190674908540212
3.580966,3.512876658380126,0.22012498323253543
3.5859251000000008,3.508695566135602,0.22143215691542353
3.590530900000001,3.5047834469105474,0.22264550887850887
3.5954488,3.500571927450716,0.22394155161797383
3.6004524999999994,3.496231618119314,0.2252665559116553
3.6054557000000003,3.491876176728102,0.226585651837263
3.610423300000001,3.487528607429905,0.22789219248071493
3.6159545999999985,3.4826333051150122,0.22935158577141632
3.6214273000000006,3.4777491298161305,0.23079568060907063
3.6259455000000003,3.473682685296856,0.2319891709598381
3.6304802999999986,3.469581683299774,0.23318492970191967
3.6349494999999976,3.4655166425547694,0.23436262044342113
3.6404688999999983,3.460449231819691,0.23582045751217437
3.6450001000000007,3.4562631290451513,0.23701642726740102
3.650507300000001,3.451154291793621,0.23846614033005342
3.6554924,3.44647682851857,0.23978420756657723
3.661268400000001,3.4410311603636234,0.2413079862432886
3.6660076000000004,3.436537528353723,0.24255692029802828
3.6714889,3.431299753401774,0.24400333628028356
3.6759865000000005,3.426979436191864,0.24518904552131188
3.6809697999999997,3.422168795701241,0.2465017319226261
3.6854638999999985,3.4178041249715605,0.24768599044827921
3.6905174999999986,3.4128576802752857,0.24902056946343576
3.6954776000000003,3.4079802681298403,0.25032890371862543
3.7009918000000006,3.402519716385113,0.2517849471756418
3.7055118999999976,3.398023565537555,0.25297711869425066
3.710474999999999,3.3930676295813367,0.2542843715070684
3.714485,3.389020115493409,0.25534682269450093
3.7189671000000004,3.3845244445168507,0.2565215856286085
3.7236905999999976,3.3797376614812027,0.2577664049270112
3.728970999999998,3.374335513772664,0.2591639977427331
3.733487399999998,3.3697072121300895,0.26035543071533257
3.7380093999999993,3.3650544539986136,0.26154776049380046
3.7430117000000003,3.359884206042519,0.2628665135230466
3.7487277,3.3539507625773393,0.2643721186926049
3.7539885999999996,3.348441067127901,0.26576293271102897
3.759011000000001,3.3431762080671152,0.26708558948346595
3.7644973999999998,3.3373693303673058,0.26853741267757336
3.7694671999999976,3.332112137533219,0.26984564142618994
3.774492500000001,3.3267648824489395,0.2711704347067254
3.7794878999999995,3.321420224273428,0.27248884483960983
3.7839890999999994,3.3165887602160247,0.2736758465361552
3.788495300000001,3.3117407594444472,0.27486242620640844
3.793493999999999,3.3063098031572373,0.27618648094093456
3.7987265999999984,3.3006552060378986,0.2775593588419942
3.8034935999999995,3.2954406657332527,0.27882037339931154
3.808508700000001,3.2899531976704193,0.2801423180023826
3.813966999999998,3.283938791597757,0.2815853841509529
3.8189719999999987,3.278400867432593,0.2829088849759722
3.8229793999999977,3.2739967890617656,0.283957910452024
3.8269905999999985,3.269529765757623,0.28501883179415183
3.8314664999999977,3.2645629842627955,0.2861948608071321
3.836466899999998,3.258968082876871,0.28751519643496987
3.8414868999999996,3.253327658189578,0.2888416514440256
3.8459879999999984,3.2482820748247416,0.2900243801243741
3.8509667999999984,3.242648959690035,0.2913406537491619
3.855481600000001,3.2375211156752606,0.29253512003572735
3.8605073999999995,3.231840002051987,0.29385440059783674
3.865480399999999,3.2261568374955214,0.29516998842990133
3.870490499999999,3.2204248946538296,0.29649275070891135
3.8750034999999983,3.215250689046041,0.29768333962892934
3.879489799999998,3.2101008057451903,0.2988651451267669
3.884488300000001,3.2043355772471394,0.30018447844216317
3.889020500000001,3.1991162006030116,0.301375621271688
3.8939622999999983,3.1933928639216926,0.3026782845485925
3.8984673,3.1881389887210503,0.3038709572234211
3.9029649999999982,3.1829044498827113,0.3050563235680887
3.9079867999999998,3.17703684311288,0.30638167075813094
3.9135013,3.1705673914162666,0.3078389275407339
3.9185069000000006,3.1646754956292966,0.30916250749568275
3.922485599999998,3.160012296190162,0.3102077083584732
3.927505199999999,3.1540818667618673,0.3115340051076699
3.932189000000001,3.148573538669181,0.3127630247968056
3.9374858999999987,3.1422866307335227,0.3141624639775504
3.9419894000000006,3.136933900263651,0.3153512592858316
3.9464824000000007,3.1315994247412497,0.3165335923165332
3.9509913999999995,3.1262131523234213,0.3177250252891327
3.955986799999998,3.120242305721373,0.3190430397723695
3.9604698999999997,3.114874363955966,0.3202255838162163
3.9649652999999994,3.1094946061051925,0.3214085235097107
3.9695879000000005,3.1039464826263874,0.3226262276189206
3.974969899999998,3.097454318846234,0.324048297959517
3.9805065000000006,3.0907596434805225,0.32551162137005285
3.986185899999999,3.0839146388421597,0.3270046448808127
3.9914938000000006,3.0774611488204844,0.32840943852012344
3.996004499999998,3.071993981028566,0.3295974425291093
4.001043499999998,3.065856895110434,0.33092880359379734
4.005515199999998,3.060421228580406,0.3321060986856502
4.011338899999998,3.053305900184176,0.33364456915261503
4.0165223999999995,3.046977949296533,0.33501037811330125
4.021023799999998,3.041488134634408,0.3361935024432974
4.026029999999999,3.0353339377094866,0.3375179000741851
4.0305514,3.02978170177043,0.3387110739052354
4.0355065,3.0237031432980714,0.34001558354716277
4.040530799999999,3.0175091897502018,0.3413430144920165
4.045506,3.0113950038491915,0.34265158613699376
4.0495370999999984,3.0064103847533907,0.3437171497683218
4.0540531999999985,3.000822863759989,0.34491029722272765
4.0590279,2.994667719332794,0.34622311550725743
4.063537,2.989090839163957,0.34741125139945983
4.068555100000001,2.98286183181081,0.3487368623559332
4.073801899999999,2.9763764233288583,0.350115463988563
4.078541899999998,2.970490879911889,0.35136521571924156
4.084061299999998,2.9636104010252406,0.35282468813987156
4.0890518,2.95740315060298,0.3541399858288615
4.094039800000001,2.95119824872833,0.35545354265940066
4.098042700000001,2.9461907223042836,0.35651274951972123
4.102535199999998,2.9405895692266633,0.3576966387723701
4.107139199999999,2.93485162086861,0.3589085136434368
4.112038399999999,2.928728203006685,0.36020081089956996
4.117054700000001,2.9224373785388913,0.36152742416848566
4.122055899999999,2.916175107609023,0.3628470476269567
4.1265541,2.910566038994963,0.3640282464620014
4.131543099999998,2.9042949821141946,0.36534802818033146
4.136549500000001,2.898008357197387,0.36667026292647814
4.141067499999998,2.892336835101215,0.3678624608217295
4.1460539999999995,2.8860837182217267,0.3691762286654147
4.150549699999999,2.8804353556216853,0.37036235993273425
4.155073599999998,2.8747435775777266,0.3715570899857318
4.159583999999999,2.869080297081558,0.3727453577611488
4.1650402,2.8622269890135748,0.3741827265547914
4.1690352,2.8572149414326713,0.37523354564258
4.173683099999998,2.85136453116076,0.3764597694075384
4.178082199999999,2.845809409314114,0.37762377067122693
4.1830344,2.839594173959977,0.3789257481554091
4.188072599999998,2.8332164477695425,0.38026143498957915
4.192588199999999,2.8275412217152542,0.3814497555182832
4.1975619,2.82126468277354,0.3827637607517561
4.202701699999999,2.814813584863275,0.38411411299953613
4.2070699000000005,2.8093111427631907,0.38526576999421486
4.212060300000001,2.803006857538735,0.3865851560628982
4.2165584,2.7973260603874195,0.3877740041244655
4.221571900000001,2.791012096057173,0.3890953420647437
4.2265765,2.784701662370793,0.3904159678356562
4.232055899999999,2.7777933298642736,0.3918618035317603
4.236570799999999,2.7721258872239627,0.3930480403056528
4.2410575,2.766462087097379,0.39423364404010913
4.245665199999998,2.7606531755297112,0.39544979192737173
4.249588199999998,2.755727817281489,0.3964811186758476
4.2540863999999985,2.7500239759684924,0.3976756640923427
4.259559799999998,2.743146708775525,0.3991163035897397
4.264535200000001,2.736906209802468,0.4004239256755626
4.269554299999999,2.730594379646803,0.4017468989677186
4.274575200000001,2.7242454556965043,0.4030781017725476
4.279094799999999,2.7185675428789065,0.40426903358892635
4.283599299999999,2.7129026225832114,0.40545767063734856
4.288112399999999,2.7072360055200857,0.40664712536170955
4.2935884999999985,2.700358185948268,0.4080914839657959
4.299093199999998,2.6934509603634993,0.4095428060036827
4.3040935000000005,2.6871715025957528,0.4108629569950169
4.3085977,2.6815310263241035,0.4120494047820556
4.3130685,2.675947296546454,0.4132245369891673
4.317601,2.670241042009991,0.4144261249693922
4.323069399999998,2.6634198878727844,0.4158634146331053
4.3277049000000005,2.6576266724197506,0.41708494335557733
4.332608799999999,2.6514712409230228,0.41838372926593365
4.3371052,2.6458481464705734,0.4195710211055536
4.3415859999999995,2.6402858495182677,0.42074628519588186
4.346133299999998,2.6345969398122584,0.4219491656316228
4.3516105,2.6277616827092594,0.4233956343671642
4.356267299999999,2.6219611410912194,0.42462420565336534
4.3616448000000005,2.6152791315868456,0.426040736898893
4.366172800000001,2.609650135066902,0.4272351240555299
4.371182900000001,2.603430209972583,0.42855609272280304
4.375688399999998,2.5978301548737797,0.42974652338296204
4.3813213,2.590847783795965,0.43123231969348946
4.385664500000001,2.5854898052625312,0.43237363704404025
4.3896657999999995,2.5805424967458244,0.43342841262830584
4.3936820999999995,2.575572322715363,0.434488991074072
4.398802499999999,2.5692534866835874,0.43583873665905914
4.404179499999998,2.5625970567332885,0.43726231046831676
4.408691900000001,2.5570227331491715,0.43845585357237027
4.413683499999998,2.5508918579467057,0.4397700698189892
4.4191635,2.544184065628272,0.44120981251051894
4.423166800000001,2.5392747416554116,0.4422647991079296
4.427679899999998,2.533709129247274,0.4434621404486028
4.4321816,2.5282079476777053,0.44464703201369227
4.4366848999999995,2.522690191922985,0.445836935140987
4.4416845999999985,2.5166014822061076,0.4471516789204702
4.446181199999998,2.511122513816524,0.448336333095771
4.450701800000001,2.5056018746867057,0.44953153792834577
4.455201899999999,2.5001235356064804,0.45071914628768384
4.4602053999999995,2.4940420098763454,0.4520393764089486
4.4653101,2.487871858223617,0.453380892481262
4.469717199999998,2.4825188558148206,0.4545464499668988
4.474211399999998,2.4770751106184346,0.45573342528680066
4.479210200000001,2.471039544484075,0.45705143977003737
4.484254099999998,2.464956415237065,0.45838200953543007
4.488722299999999,2.4595734596581753,0.45956128287552234
4.4945333000000005,2.452611094686393,0.46108920268521314
4.499720099999998,2.4463752637441107,0.46246026059789247
4.5052263,2.4397670731286727,0.46391590840526215
4.510745199999999,2.433197498981457,0.46536588523434574
4.514690699999999,2.428492028781408,0.46640620641814734
4.519747199999998,2.4224539022365335,0.46774337034433616
4.524721499999998,2.416542014185552,0.4690550280565654
4.529322999999998,2.4110926982830527,0.4702662435115533
4.5347492,2.40463954095614,0.4717033485387637
4.539229299999999,2.3993433829369373,0.47288507490667153
4.543697999999999,2.3941019821757266,0.4740566462669542
4.5493708999999996,2.387419264264704,0.4755534152610459
4.553739799999999,2.3822691993304694,0.47670926614199105
4.5587397,2.37639551070302,0.47803007654940516
4.563252500000001,2.371123366687563,0.47921797505181885
4.568254400000001,2.365269150486764,0.48053968226510135
4.573739700000001,2.358884306465473,0.48198443651883555
4.578242599999999,2.3536069312694288,0.4831811975733585
4.583716199999998,2.347307869093971,0.4846127898821438
4.5882401,2.3420504213695033,0.48581031585931866
4.593722,2.3357255149564686,0.4872542524371139
4.598217200000001,2.3305448428472744,0.4884396715350675
4.6028224999999985,2.325256024922762,0.48965239045871556
4.6072676,2.320128467103782,0.4908306351097238
4.612241999999998,2.3144388048800124,0.4921409739897945
4.6172398,2.3087304025196005,0.49345877745988614
4.6222183,2.3030758024602953,0.4947673227282209
4.6267537999999995,2.297894733450338,0.49596909534494826
4.631795199999999,2.292188615406598,0.49729581412043616
4.636219999999998,2.2871843684152715,0.4984621101520812
4.641222799999998,2.281535447798891,0.4997818127404828
4.646308699999999,2.275810053110593,0.5011228540332189
4.651273100000001,2.2702245069456204,0.5024345644987351
4.656260400000001,2.264630278846422,0.503751761306034
4.660755099999999,2.259613199109477,0.5049360462083305
4.665608799999998,2.2542039769905777,0.5062161047020269
4.670775299999999,2.2484548586406454,0.5075803046874781
4.675790199999998,2.2428912818301256,0.5089041747855024
4.680789699999998,2.2373647007979685,0.5102229014381051
4.685271799999999,2.2323855484501536,0.5114141761508455
4.6906687,2.226505378350282,0.5128249572881596
4.695777,2.2209003694466425,0.5141737533139923
4.700775999999998,2.2154367576926433,0.5154923744600228
4.705773999999998,2.2099872358482706,0.5168114440089872
4.7107513999999995,2.2045973927393305,0.5181199101473914
4.715777199999998,2.199123849398344,0.5194526691741687
4.7207924000000006,2.1937176219783723,0.5207730311786488
4.725293799999999,2.188871145012854,0.5219601120051229
4.729789499999999,2.184044149437238,0.5231456893629365
4.734790699999998,2.178682576833193,0.5244664470170646
4.739753999999998,2.1734028796458347,0.5257710885422076
4.745278299999999,2.1675040041844724,0.5272335679001611
4.750295299999998,2.162190100355623,0.528555459749946
4.754797199999999,2.1574296537477693,0.5297433054990728
4.7597728,2.1521920095605545,0.5310542510419363
4.7647569999999995,2.146954936390678,0.5323693377177802
4.7692519,2.1422563334017752,0.533552910450712
4.773770899999999,2.137529451669721,0.5347471921007747
4.778753099999999,2.1323583081952435,0.5360579002538505
4.783780399999998,2.1271302371987737,0.5373875468367313
4.7887694,2.1219767260194615,0.5387027390191482
4.794475500000001,2.1161145840004814,0.5402043085622991
4.799271600000001,2.111188324940013,0.5414707830847555
4.8047723,2.105557994769697,0.5429235294613748
4.809250800000001,2.1010078929090064,0.5441017213590961
4.813756599999998,2.096423873247293,0.5452925212922592
4.819520799999999,2.0906001042925553,0.5468109982636906
4.824749999999998,2.0853344283477355,0.548189468013105
4.8299485,2.0801003864735925,0.5495649308251958
4.8339544,2.076094259651878,0.5506213153846955
4.838943699999998,2.071115837793755,0.5519385121919944
4.844819300000001,2.0652963613359425,0.5534845527555533
4.849455899999999,2.0607009106586673,0.5547103017409345
4.854943200000001,2.055292520452852,0.5561585113349257
4.8604275,2.049918725133331,0.5576035821083779
4.864457599999998,2.045975393790968,0.5586679324141184
4.8695322999999995,2.041054772347316,0.5600008233241112
4.874451399999998,2.0362620512132708,0.561304225147025
4.879441400000001,2.031440217748468,0.562620762538244
4.8844363999999985,2.026633042756117,0.5639385923849792
4.888949399999998,2.0223034158239024,0.5651301044875083
4.894597000000001,2.0169347418988295,0.5666137115366512
4.899940900000001,2.0118399798698086,0.5680280271441519
4.9044299,2.007603786677329,0.5692088303295479
4.908971999999999,2.0033063219553,0.5704112623623551
4.913942599999999,1.9986547627028557,0.5717180140189531
4.918453899999999,1.9944318866776278,0.5729091304718343
4.9239454999999985,1.989318143325665,0.5743577357154732
4.928445499999999,1.9851587284179786,0.5755410974352589
4.9334676,1.98050431592468,0.5768707967714257
4.938472999999998,1.9758944951703903,0.5781935854270792
4.942970899999999,1.9717872280137172,0.5793771317833674
4.9479209,1.967289270605594,0.5806787136179009
4.952030000000001,1.9635441720809297,0.5817668556557936
4.957136599999998,1.9589433275721788,0.5831092157806894
4.962449499999998,1.954151462266836,0.5845139566667141
4.9674528,1.9496692785271819,0.5858341604113353
4.9714548,1.9460955556998094,0.5868911780102724
4.976468099999998,1.9416649712308214,0.5882071351153412
4.982316000000001,1.9364690751694091,0.5897582927476773
4.986946499999998,1.9324081502517316,0.5909766562729671
4.9919464,1.9280344645667888,0.59229488176935
4.996462600000001,1.9241012938280093,0.5934857608324428
5.001459799999999,1.9197578149319305,0.594806940512862
5.005962199999999,1.9158764929857597,0.5959930190268954
5.0110502,1.9115240619817868,0.5973293125238583
5.016442899999998,1.9069103146292896,0.5987531764761914
5.021013700000001,1.9030266283471917,0.5999576922638092
5.025489699999998,1.8992253796940233,0.6011420035427494
5.0299893,1.895432148477191,0.6023291898757963
5.034459999999999,1.8916813296295878,0.6035084632158885
5.039458700000001,1.8875050595863563,0.6048278756612143
5.043938900000001,1.8837911889810002,0.6060069379881605
5.048442599999998,1.8800707274707662,0.6071935967883444
5.052978899999999,1.8763432210546966,0.6083881158281959
5.057463899999998,1.87265358996002,0.6095761198371817
5.062515099999999,1.868537365074662,0.6109081930712356
5.067984799999998,1.8641055866902256,0.6123504415438679
5.072960299999998,1.8601056500646393,0.6136594615917789
5.0774784,1.8564760301480447,0.6148534003454811
5.082155399999998,1.8527501180742796,0.616085163205508
5.0865334,1.8492571846023793,0.6172456563756534
5.0915356,1.8453037845629972,0.6185659656268477
5.096557499999999,1.8413667419913864,0.6198881476197076
5.101535599999998,1.8374813113754165,0.6212003064881585
5.1065118,1.8336188371193316,0.6225120433303183
5.111010499999999,1.8301487800314327,0.6236968557654781
5.1155328,1.8266704926347792,0.6248906098826777
5.120010799999999,1.8232536450572034,0.6260693556899067
5.125055700000001,1.8193972521274873,0.6274070999022447
5.130033000000001,1.815640610770167,0.6287178871852501
5.135011200000001,1.8119131579716594,0.6300260895572223
5.140017999999998,1.808158921361592,0.6313514895005514
5.144508299999998,1.8048355620382495,0.6325314222567225
5.1495122,1.8011419320195898,0.6338502807925416
5.154541399999999,1.797431793374674,0.635183092572605
5.159033699999998,1.7941568573061204,0.6363664015391035
5.163532199999999,1.7908812330933337,0.6375564893029009
5.1680168,1.7876568684377432,0.6387344438108336
5.173773300000001,1.7835307971621148,0.6402513909369613
5.178531799999998,1.7801240422983717,0.6415121417278474
5.183513099999999,1.776608878693395,0.6428210035158993
5.188512599999999,1.7730917325070017,0.6441388861159205
5.193521699999998,1.7695453307721252,0.6454762874318979
5.1985204,1.7661078404473542,0.6467809817103278
5.2031755,1.7628999031572832,0.6480061240329152
5.2080369,1.7595567902133418,0.6492908248158118
5.2135560000000005,1.7557940003545873,0.6507466836363266
5.219010999999998,1.7521044045784215,0.652184606339476
5.223023699999999,1.7494088621324266,0.6532417558216276
5.2285121,1.7457422703833174,0.6546889103498922
5.2331021,1.7426916118059061,0.6559011808706066
5.2380581,1.7394151227059709,0.6572116780105363
5.243012199999999,1.7361830859235141,0.6585131807151402
5.247593899999998,1.7331990153816257,0.6597227344416068
5.2530556,1.7296658456409908,0.661164877407666
5.258057000000001,1.7264557627645267,0.6624847646325692
5.262510199999998,1.7236227911633293,0.6636573646819358
5.267035199999999,1.7207491493516507,0.6648543895028899
5.2715405,1.7179144796518777,0.666042815538167
5.276020899999999,1.7151198805255596,0.6672220097483287
5.2815124,1.7117129529948478,0.6686699555758888
5.2865490999999984,1.7086058565405828,0.6700006308478536
5.291056300000001,1.7058525130433928,0.6711880809473327
5.296548399999999,1.7025135264130213,0.672638769945783
5.301075900000001,1.699786068399689,0.6738326295695557
5.3055911999999985,1.6970892483578304,0.6750210819814753
5.3105848999999985,1.6941195191089342,0.676339201971285
5.314572200000001,1.6917720281394004,0.6773882538239803
5.3185751,1.68941206731132,0.6784493334259661
5.323560999999998,1.6865131216103642,0.6797617824374919
5.3275583,1.6842052472806692,0.6808138939807956
5.331554399999998,1.6819098599602214,0.6818668232000392
5.336577999999999,1.6790304918524335,0.6831969973157842
5.341109100000001,1.6764622602072023,0.684392413161504
5.3465858,1.673385961631844,0.685835716699863
5.351084,1.670873851876646,0.6870237470854913
5.355601699999998,1.6683738032191187,0.688214678901871
5.361342399999998,1.665226444670676,0.6897264562059342
5.366600099999999,1.6623600540599597,0.6911156876257667
5.371111199999998,1.6599233039970933,0.6923062237924977
5.376129199999998,1.6572334602447647,0.6936308324365316
5.380630099999998,1.6548455537371822,0.6948161196512687
5.3851011,1.6524913051364294,0.6959935202496946
5.390588699999999,1.6496242536318704,0.6974394878290151
5.3950882,1.6472914249108221,0.6986260674992693
5.3996098,1.6449585846408858,0.6998218789946369
5.404125699999998,1.6426458145363902,0.7010167145542076
5.409625999999999,1.6398638445772598,0.702466533123433
5.4141145,1.6376243246874935,0.7036438809685719
5.419087099999999,1.635144508627075,0.7049584664881949
5.423738999999998,1.6328539387472425,0.7061831604078496
5.428620800000001,1.6304586485876484,0.7074748246245465
5.433049699999998,1.6283067809408784,0.7086450243993834
5.437619999999999,1.6261101664464235,0.7098493555504994
5.442629799999999,1.6237223685053799,0.7111700076980544
5.4476179999999985,1.6213598663282127,0.7124887607273015
5.4521072,1.6192689750911846,0.71366618770237
5.457109299999999,1.6169432404025876,0.7149874992660057
5.4620909,1.614653197101397,0.7163008187067562
5.4676136,1.6121332313922778,0.7177604757638888
5.4726317999999985,1.609873412103866,0.7190827105100356
5.477115899999998,1.6078702073874815,0.7202655710736006
5.482217800000001,1.605617466959977,0.7216081949649275
5.487143100000001,1.603455195858139,0.7229095921629594
5.491676299999998,1.6014826506821116,0.724107935816073
5.4971478000000005,1.5991324814416323,0.7255499468989158
5.502922399999999,1.5966800502781275,0.7270717209507453
5.508148800000001,1.5944762704929119,0.7284544900929981
5.513152699999999,1.5923995856644488,0.7297711593674336
5.5176421,1.5905500696082484,0.7309552596332277
5.5221406,1.5887138152328077,0.732141839303482
5.526641399999999,1.586896365652116,0.7333273111547215
5.532140999999999,1.5846934283744076,0.7347793717386176
5.537210599999998,1.5826911741570768,0.7361139771304167
5.5421635999999985,1.5807463834131745,0.7374242105039153
5.5466607,1.57900603945534,0.7386086800427145
5.551182699999998,1.577269698559256,0.7398020121336228
5.556172499999999,1.5753723905256152,0.7411195782139259
5.561261200000001,1.5734673361822402,0.7424572432963354
5.565698999999999,1.571815026664762,0.743629737839129
5.570213499999998,1.5701513153902944,0.7448221995008124
5.5752272000000005,1.5683226033389701,0.7461470719112774
5.5802057000000005,1.5665359728588228,0.7474561974657614
5.5847026,1.564935354073544,0.7486417748235742
5.5896793,1.563181661192516,0.7499549887577527
5.5951734,1.5612722114993893,0.751402327922518
5.6002030000000005,1.5595383815690411,0.7527328713112682
5.604701200000001,1.5580134140950435,0.7539163912909119
5.609718600000001,1.5563250448534838,0.7552416593510246
5.614721899999999,1.5546674951218726,0.7565584868853192
5.6197892,1.5530002438766104,0.7578992907882667
5.6247167000000005,1.5514051939613758,0.7591978129321917
5.629794399999998,1.5497842478647925,0.760533763532793
5.6342353,1.5483740694163366,0.7617098452990602
5.6382206,1.5471285270305906,0.7627596620744074
5.6422065,1.5458934901243282,0.7638111405782747
5.6466967,1.5445206879045124,0.7649925504264646
5.6512063999999995,1.5431522175108974,0.766183877892492
5.656219499999999,1.5416545938538562,0.767503765117395
5.661220399999998,1.5401762756987623,0.7688237314722278
5.666220599999999,1.5387147818257922,0.7701459662183745
5.6712254999999985,1.5372737874096387,0.7714670931455068
5.676210699999999,1.535859843681667,0.772780860989192
5.681199299999999,1.5344642870731455,0.7740951036124535
5.685700999999998,1.533221860487462,0.7752803380739054
5.690338999999998,1.531956849015696,0.776502341575954
5.694738900000001,1.5307677699632727,0.7776654724104175
5.6992495000000005,1.5295628116374225,0.7788589363845425
5.704234799999998,1.5282534594469368,0.7801732845143771
5.709729499999998,1.5268321059593788,0.7816214677317256
5.715491399999998,1.5253668085520466,0.7831387313775705
5.720717699999998,1.5240537644837495,0.7845202080643072
5.7252545999999995,1.5229322998972172,0.7857171537553328
5.730245499999999,1.521715547924952,0.7870342450560586
5.734748400000001,1.5206336249405439,0.788222117181828
5.739712999999998,1.5194629258893677,0.789525888277746
5.744857,1.518261440281961,0.7908846546747015
5.7502214999999985,1.5170280590544323,0.7923022409859567
5.7552278,1.5158970341571951,0.7936233151598029
5.759752599999999,1.5148905584631933,0.7948166208740687
5.765434199999998,1.513647751352437,0.7963141284141697
5.770200199999998,1.5126243122221936,0.7975680740311146
5.775233099999998,1.5115554677557768,0.7988985646665777
5.780700799999998,1.5104183678315621,0.8003385183712517
5.785694599999999,1.5093243625362582,0.8017488511056319
5.7901992,1.5084879863874079,0.8028442994736866
5.794757399999998,1.5075837998216386,0.8040460720904141
5.7997340999999984,1.5066112017136462,0.8053599190640278
5.804726200000001,1.5056519025126,0.8066782236903401
5.8092372999999995,1.5047983878517392,0.8078707117286672
5.814219699999999,1.503874297151416,0.8091835036365534
5.819202600000001,1.502965525910085,0.8104975352466708
5.823885999999998,1.5021283861458414,0.8117291134701953
5.828701599999999,1.5012797040005665,0.812999307099341
5.8337115,1.5004109919788498,0.8143230980674349
5.838722399999998,1.4995585913670055,0.8156463878793091
5.844199799999998,1.4986475408625388,0.8170887682351571
5.848958,1.4978696351752916,0.818344454710551
5.853743599999998,1.4971012131530692,0.8196077376591824
5.8587171,1.4963183447168618,0.8209193426181265
5.863197400000001,1.4956284375787554,0.822096769593195
5.867741599999999,1.4949357384844717,0.8233002830683731
5.8727594,1.494187668573801,0.8246251818554806
5.8782426,1.493387365495142,0.8260731013063972
5.883292900000001,1.4926700787470963,0.8273991342891618
5.8887198000000005,1.4919104277565687,0.8288343665747068
5.894195700000001,1.4911659050671666,0.8302736608633018
5.898934199999999,1.4905327272172393,0.8315246259195669
5.903741499999999,1.489903271692306,0.8327941601326327
5.908241099999998,1.489326997513487,0.8339803177765956
5.913203199999998,1.488704082312342,0.8352895752142954
5.918696999999998,1.488031166131421,0.8367374155352824
5.923210099999999,1.4874907417418903,0.8379268702596424
5.9283298,1.486889897674157,0.8392789106125872
5.9337026,1.486275603677175,0.8406954154814714
5.938289099999999,1.48576343017562,0.8419045208050042
5.942711799999998,1.485278755256509,0.8430736391374702
5.9482012,1.4846931244240764,0.8445206090292313
5.9521987,1.4842770090077337,0.8455729315856813
5.9572149,1.4837656174925478,0.8468954564749026
5.962222000000001,1.4832670076740513,0.8482179022341945
5.9672114,1.4827818566546753,0.8495380004722437
5.971702499999999,1.4823591444534507,0.8507167726561152
5.977221499999999,1.4818506630714587,0.8521723940868403
5.982196899999998,1.4814050196436739,0.8534843155655027
5.986756100000001,1.4810051209022568,0.8546923921999506
5.991747799999999,1.4805804205958992,0.8560095362539634
5.996749299999998,1.4801667794475257,0.8573285794262842
6.0017762999999995,1.4797625445750384,0.8586546915389792
6.0062414,1.4794147910120437,0.8598269486919842
6.011263799999998,1.4790316387687241,0.8611546697799125
6.015764300000001,1.4786980369838467,0.8623437552312694
6.020771100000001,1.4783373066840646,0.8636668076533539
6.026291499999999,1.4779544206829804,0.8651168636123681
6.0312418,1.4776208193753533,0.8664218744105161
6.036272,1.4772914422204941,0.8677516001233264
6.040786199999999,1.4770053087050705,0.8689426901995644
6.045764899999998,1.4766995286648097,0.8702555348607376
6.0502447,1.476433447555607,0.8714342279146795
6.054763099999999,1.4761718033651867,0.8726288788377476
6.059324099999998,1.4759168926023882,0.8738294645055319
6.063746999999999,1.475676788235539,0.8749961034335386
6.068743699999999,1.4754144897109924,0.8763136431371992
6.0742476,1.4751362201895653,0.8777651234349448
6.079281599999998,1.47489061192557,0.8790967218894216
6.084778,1.4746333399683103,0.8805475955243736
6.089768499999998,1.474409802471211,0.8818595433796793
6.0948116,1.474191357379354,0.8831925134196017
6.0997895,1.473984342936081,0.8845069406793657
6.104297599999999,1.4738041811531097,0.885695524974501
6.1092863999999985,1.47361313063929,0.887005995737788
6.1142775,1.473428540155279,0.8883261994824094
6.119271299999998,1.473252251156591,0.8896420774575486
6.123771999999999,1.4730998186664799,0.890827944958437
6.128302699999999,1.4729519028619933,0.8920258402086161
6.1327985,1.4728111885314839,0.8932130529183064
6.1372991,1.4726762004347087,0.894400265627996
6.141833299999998,1.4725461051675524,0.8955940724984827
6.1463027,1.4724227660340468,0.896775825243034
6.150773000000001,1.4723051756243102,0.8979528301918123
6.155317399999998,1.4721905239523068,0.8991531257165208
6.1602943,1.472070967158686,0.9004668935602061
6.165794599999998,1.4719459499495997,0.901917503428726
6.170272000000001,1.4718498752900508,0.9030928466489838
6.174801800000001,1.4717565044554242,0.904292245367825
6.179823799999998,1.4716586422699542,0.9056176716877967
6.1843103,1.4715757905000828,0.9068017455769484
6.188792299999999,1.4714973472843553,0.9079822058659835
6.193766199999999,1.4714151354855112,0.9092898015751629
6.199296,1.4713289021230764,0.9107503554381641
6.203793099999999,1.4712629879544004,0.9119375153945676
6.2087939,1.4711938804354645,0.9132581675421234
6.213829499999999,1.4711288117611616,0.9145833828489492
6.218768000000001,1.4710688608189741,0.9158854922163469
6.224296599999999,1.4710060256413406,0.917347338534864
6.229295099999998,1.470953231795427,0.9186648782385236
6.233789899999998,1.4709085861773374,0.9198526976110079
6.2388048000000005,1.4708619940625276,0.9211749851104405
6.2445312999999985,1.4708126633185152,0.9226811705661491
6.249796400000001,1.4707702739131783,0.9240763631073413
6.2542911,1.4707366179242705,0.9252601732300607
6.258770299999998,1.4707051533921423,0.9264353318138161
6.263317399999998,1.4706747312702362,0.9276411664335933
6.2682848,1.4706436911309773,0.9289489467792753
6.273817999999999,1.4706111926737293,0.9304093160057738
6.278772199999999,1.4705839076683205,0.9317121111658947
6.283809899999998,1.4705574689218288,0.9330435777371549
6.2883353,1.470534769243585,0.9342407871946116
6.2933065,1.4705109375515661,0.9355488840600127
6.298288100000001,1.4704878640553467,0.9368601988758811
6.303069799999999,1.470466235844139,0.9381222684989261
6.3078389,1.4704450058357459,0.9393832039263139
6.3128305000000005,1.4704230711809565,0.9406979740824396
6.3178293,1.4704010694621559,0.942016542475184
6.322331699999999,1.470381063375683,0.9432046519907419
6.3273194,1.4703585778982529,0.9445164679628313
6.332342999999998,1.4703350856710848,0.9458497017691857
6.3373147,1.4703112549752433,0.9471544751775441
6.341823399999999,1.4702886450475852,0.9483429275894638
6.346369199999998,1.4702646916289304,0.9495468630909322
6.351350499999999,1.4702371319958871,0.9508615277404857
6.3563768,1.4702077525929802,0.9521823381478999
6.360871199999998,1.4701796869316546,0.953370658676604
6.364863700000001,1.4701534238325173,0.9544222426870443
6.368870300000001,1.470125610453465,0.9554772029078125
6.373899699999999,1.4700882264259327,0.9568088541155761
6.378475899999998,1.4700521233104737,0.9580107849921625
6.383896099999998,1.4700059249295734,0.9594431686002434
6.388398500000001,1.4699648503930334,0.9606295636339949
6.393875899999998,1.4699110565793134,0.9620763488892534
6.398369899999999,1.4698638262856534,0.9632598424922547
6.402896599999998,1.4698131286641498,0.9644520931407932
6.4073739,1.469759673427248,0.9656327116896875
6.4123999000000005,1.4696953277640894,0.9669635188448686
6.417395199999998,1.469627131066133,0.9682809530419563
6.421893999999998,1.4695617320418535,0.9694666622829845
6.426421099999999,1.469491467650169,0.9706669314310507
6.4308866999999985,1.469418509864326,0.9718425911710267
6.435378499999999,1.469341287104232,0.9730183036642888
6.440466499999999,1.4692475957567481,0.9743619826213431
6.445922499999998,1.469140077763651,0.975807132524725
6.4509148,1.4690359372245432,0.9771216916677056
6.455923899999998,1.4689247961143153,0.9784445067000015
6.4611804999999976,1.468801620774265,0.9798264581663164
6.4658938,1.4686845001038975,0.9810687716836164
6.470445099999999,1.4685651110004585,0.9822718367558598
6.4754203,1.4684280200803386,0.9835835999746633
6.4799279,1.4682972116543027,0.9847736349851736
6.4844314999999995,1.4681603341933922,0.9859615862408725
6.488951699999998,1.4680163759694835,0.9871544435522045
6.4946251,1.4678265789190519,0.9886484693754048
6.499495400000001,1.467654434557744,0.9899349110167512
6.504933299999998,1.4674519589235757,0.9913742844352758
6.510438699999998,1.4672378710262706,0.9928194079620151
6.515465599999999,1.4670310112691354,0.9941492391813984
6.520441099999999,1.466817259031977,0.9954621365958577
6.525450499999998,1.4665924190129829,0.9967828942499858
6.5299367,1.4663827687100266,0.9979642249682469
6.535414199999998,1.4661158829262604,0.9994049435955736
6.5404385000000005,1.466001985965704,1.0
6.544957099999998,1.466001985965704,1.0
6.549460400000001,1.466001985965704,1.0
6.5544395999999985,1.466001985965704,1.0
6.5594489,1.466001985965704,1.0
6.5644557,1.466001985965704,1.0
6.568924899999999,1.466001985965704,1.0
6.573952599999998,1.466001985965704,1.0
6.578457199999999,1.466001985965704,1.0
6.5834498,1.466001985965704,1.0
6.588517899999999,1.466001985965704,1.0
6.592951899999999,1.466001985965704,1.0
6.597470899999998,1.466001985965704,1.0
6.602431499999998,1.466001985965704,1.0
6.607455099999999,1.466001985965704,1.0
6.6124762,1.466001985965704,1.0
6.616967299999999,1.466001985965704,1.0
6.6219523,1.466001985965704,1.0
6.6264702,1.466001985965704,1.0
6.6314326,1.466001985965704,1.0
6.636439899999999,1.466001985965704,1.0
6.640959899999999,1.466001985965704,1.0
6.645969000000001,1.466001985965704,1.0
6.6514658,1.466001985965704,1.0
6.656451399999998,1.466001985965704,1.0
6.661145399999999,1.466001985965704,1.0
6.665990000000001,1.466001985965704,1.0
6.670969700000001,1.466001985965704,1.0
6.6754976,1.466001985965704,1.0
6.6804706,1.466001985965704,1.0
6.684983899999999,1.466001985965704,1.0
6.689463400000001,1.466001985965704,1.0
6.694488,1.466001985965704,1.0
6.698986899999998,1.466001985965704,1.0
6.703474199999999,1.466001985965704,1.0
6.7084546,1.466001985965704,1.0
6.713486499999998,1.466001985965704,1.0
6.7184448,1.466001985965704,1.0
6.723576299999998,1.466001985965704,1.0
6.727948599999998,1.466001985965704,1.0
6.732494799999998,1.466001985965704,1.0
6.737447100000001,1.466001985965704,1.0
6.7424894,1.466001985965704,1.0
6.747470199999999,1.466001985965704,1.0
6.752444499999999,1.466001985965704,1.0
6.7569683000000005,1.466001985965704,1.0
6.7614482,1.466001985965704,1.0
6.765992099999998,1.466001985965704,1.0
6.770972699999998,1.466001985965704,1.0
6.7759713999999995,1.466001985965704,1.0
6.7814497,1.466001985965704,1.0
6.786969599999999,1.466001985965704,1.0
6.791468599999998,1.466001985965704,1.0
6.795970099999998,1.466001985965704,1.0
6.800989099999999,1.466001985965704,1.0
6.8064474,1.466001985965704,1.0
6.810480299999998,1.466001985965704,1.0
6.815475899999999,1.466001985965704,1.0
6.819988200000001,1.466001985965704,1.0
6.8249514,1.466001985965704,1.0
6.829486599999999,1.466001985965704,1.0
6.833951199999998,1.466001985965704,1.0
6.838487199999999,1.466001985965704,1.0
6.842980999999998,1.466001985965704,1.0
6.848135199999998,1.466001985965704,1.0
6.852914500000001,1.466001985965704,1.0
6.8576929,1.466001985965704,1.0
6.8626875,1.466001985965704,1.0
6.868158300000001,1.466001985965704,1.0
6.873147299999999,1.466001985965704,1.0
6.878635799999998,1.466001985965704,1.0
6.8836540999999976,1.466001985965704,1.0
6.888167199999998,1.466001985965704,1.0
6.8926579,1.466001985965704,1.0
6.8966522999999995,1.466001985965704,1.0
6.9011534999999995,1.466001985965704,1.0
6.9061631000000006,1.466001985965704,1.0
6.911290099999999,1.466001985965704,1.0
6.916653799999999,1.466001985965704,1.0
6.9212238,1.466001985965704,1.0
6.926154499999999,1.466001985965704,1.0
6.931155699999998,1.466001985965704,1.0
6.9364773,1.466001985965704,1.0
6.941170100000001,1.466001985965704,1.0
6.9456764,1.466001985965704,1.0
6.950639899999999,1.466001985965704,1.0
6.9551818999999995,1.466001985965704,1.0
6.960629600000001,1.466001985965704,1.0
6.9656609,1.466001985965704,1.0
6.9711552999999995,1.466001985965704,1.0
6.975670000000001,1.466001985965704,1.0
6.980159499999999,1.466001985965704,1.0
6.985639799999998,1.466001985965704,1.0
6.989739999999998,1.466001985965704,1.0
6.995150799999998,1.466001985965704,1.0
7.000183100000001,1.466001985965704,1.0
7.005205799999999,1.466001985965704,1.0
7.009678099999999,1.466001985965704,1.0
7.014667199999998,1.466001985965704,1.0
7.018659499999998,1.466001985965704,1.0
7.023779300000001,1.466001985965704,1.0
7.028206399999998,1.466001985965704,1.0
7.033708600000001,1.466001985965704,1.0
7.0386752,1.466001985965704,1.0
7.043196699999999,1.466001985965704,1.0
7.047712399999998,1.466001985965704,1.0
7.0529169,1.466001985965704,1.0
7.057165999999999,1.466001985965704,1.0
7.062167200000001,1.466001985965704,1.0
7.067212899999998,1.466001985965704,1.0
7.072208499999999,1.466001985965704,1.0
7.076729199999999,1.466001985965704,1.0
7.081679399999999,1.466001985965704,1.0
7.086759399999998,1.466001985965704,1.0
7.091745199999998,1.466001985965704,1.0
7.097238699999998,1.466001985965704,1.0
7.101752600000001,1.466001985965704,1.0
7.1062243999999986,1.466001985965704,1.0
7.110723099999998,1.466001985965704,1.0
7.114736799999999,1.466001985965704,1.0
7.1197656999999985,1.466001985965704,1.0
7.124719499999998,1.466001985965704,1.0
7.129247199999998,1.466001985965704,1.0
7.1342733,1.466001985965704,1.0
7.139719499999998,1.466001985965704,1.0
7.145218100000001,1.466001985965704,1.0
7.149718199999999,1.466001985965704,1.0
7.1542198,1.466001985965704,1.0
7.158741499999998,1.466001985965704,1.0
7.1637427,1.466001985965704,1.0
7.1682481,1.466001985965704,1.0
7.173818799999999,1.466001985965704,1.0
7.178263399999999,1.466001985965704,1.0
7.1832393,1.466001985965704,1.0
7.188746500000001,1.466001985965704,1.0
7.193236199999998,1.466001985965704,1.0
7.198793200000001,1.466001985965704,1.0
7.2038361,1.466001985965704,1.0
7.208251499999999,1.466001985965704,1.0
7.2132428,1.466001985965704,1.0
7.217758100000001,1.466001985965704,1.0
7.222252099999999,1.466001985965704,1.0
7.227214399999998,1.466001985965704,1.0
7.2323094999999995,1.466001985965704,1.0
7.2372549999999976,1.466001985965704,1.0
7.2422729,1.466001985965704,1.0
7.246805999999999,1.466001985965704,1.0
7.251755799999998,1.466001985965704,1.0
7.256716900000001,1.466001985965704,1.0
7.261741099999998,1.466001985965704,1.0
7.266746299999998,1.466001985965704,1.0
7.271263399999999,1.466001985965704,1.0
7.276252599999999,1.466001985965704,1.0
7.281223000000001,1.466001985965704,1.0
7.2847285999999976,1.466001985965704,1.0
7.289255699999998,1.466001985965704,1.0
7.293760499999998,1.466001985965704,1.0
7.299257000000001,1.466001985965704,1.0
7.30377,1.466001985965704,1.0
7.3087847,1.466001985965704,1.0
7.313295199999999,1.466001985965704,1.0
7.3177838999999985,1.466001985965704,1.0
7.322801299999998,1.466001985965704,1.0
7.328128700000001,1.466001985965704,1.0
7.332785599999998,1.466001985965704,1.0
7.337403699999999,1.466001985965704,1.0
7.342860399999999,1.466001985965704,1.0
7.348285799999999,1.466001985965704,1.0
7.352930999999998,1.466001985965704,1.0
7.3573883,1.466001985965704,1.0
7.362319100000001,1.466001985965704,1.0
7.3668443,1.466001985965704,1.0
7.371334600000001,1.466001985965704,1.0
7.376360200000001,1.466001985965704,1.0
7.381323999999999,1.466001985965704,1.0
7.386533099999998,1.466001985965704,1.0
7.391848899999999,1.466001985965704,1.0
7.396853799999999,1.466001985965704,1.0
7.401412199999999,1.466001985965704,1.0
7.4058724,1.466001985965704,1.0
7.410377,1.466001985965704,1.0
7.415882199999999,1.466001985965704,1.0
7.421372599999998,1.466001985965704,1.0
7.426365099999998,1.466001985965704,1.0
7.430357600000001,1.466001985965704,1.0
7.435347199999999,1.466001985965704,1.0
7.440507099999998,1.466001985965704,1.0
7.4458488,1.466001985965704,1.0
7.4498549999999994,1.466001985965704,1.0
7.454845599999999,1.466001985965704,1.0
7.4598464,1.466001985965704,1.0
7.464831099999998,1.466001985965704,1.0
7.468829499999998,1.466001985965704,1.0
7.474354999999999,1.466001985965704,1.0
7.478864599999998,1.466001985965704,1.0
7.484438000000001,1.466001985965704,1.0
7.489463499999999,1.466001985965704,1.0
7.494346999999998,1.466001985965704,1.0
7.4988922,1.466001985965704,1.0
7.5038883,1.466001985965704,1.0
7.5083839999999995,1.466001985965704,1.0
7.513391800000001,1.466001985965704,1.0
7.5178799000000005,1.466001985965704,1.0
7.522341399999998,1.466001985965704,1.0
7.5273468,1.466001985965704,1.0
7.5318445999999994,1.466001985965704,1.0
7.5358418,1.466001985965704,1.0
7.540871599999999,1.466001985965704,1.0
7.545376600000001,1.466001985965704,1.0
7.549899400000001,1.466001985965704,1.0
7.5548937999999985,1.466001985965704,1.0
7.559910899999998,1.466001985965704,1.0
7.565513499999998,1.466001985965704,1.0
7.570399800000001,1.466001985965704,1.0
7.575884200000001,1.466001985965704,1.0
7.580902699999999,1.466001985965704,1.0
7.585411499999999,1.466001985965704,1.0
7.590580299999999,1.466001985965704,1.0
7.595885799999998,1.466001985965704,1.0
7.600416899999999,1.466001985965704,1.0
7.604883999999998,1.466001985965704,1.0
7.6089085999999995,1.466001985965704,1.0
7.613882499999999,1.466001985965704,1.0
7.618415499999998,1.466001985965704,1.0
7.623911700000001,1.466001985965704,1.0
7.628903300000001,1.466001985965704,1.0
7.6334282999999985,1.466001985965704,1.0
7.638401899999998,1.466001985965704,1.0
7.643868099999999,1.466001985965704,1.0
7.648947,1.466001985965704,1.0
7.653923299999999,1.466001985965704,1.0
7.6589223,1.466001985965704,1.0
7.663440599999998,1.466001985965704,1.0
7.667426799999998,1.466001985965704,1.0
7.671917399999998,1.466001985965704,1.0
7.6764416,1.466001985965704,1.0
7.681419899999998,1.466001985965704,1.0
7.686938099999999,1.466001985965704,1.0
7.691936999999999,1.466001985965704,1.0
7.696985099999999,1.466001985965704,1.0
7.701922400000001,1.466001985965704,1.0
7.7069760999999986,1.466001985965704,1.0
7.712420999999999,1.466001985965704,1.0
7.717440700000001,1.466001985965704,1.0
7.721941300000001,1.466001985965704,1.0
7.726459299999998,1.466001985965704,1.0
7.7322171,1.466001985965704,1.0
7.736944900000001,1.466001985965704,1.0
7.741908299999999,1.466001985965704,1.0
7.746920899999999,1.466001985965704,1.0
7.752414899999998,1.466001985965704,1.0
7.756986599999998,1.466001985965704,1.0
7.761512100000001,1.466001985965704,1.0
7.765963199999998,1.466001985965704,1.0
7.770904299999998,1.466001985965704,1.0
7.775936699999999,1.466001985965704,1.0
7.780943199999999,1.466001985965704,1.0
7.785902799999999,1.466001985965704,1.0
7.790674599999999,1.466001985965704,1.0
7.795429200000001,1.466001985965704,1.0
7.7999209,1.466001985965704,1.0
7.8049298,1.466001985965704,1.0
7.809435399999998,1.466001985965704,1.0
7.814426900000001,1.466001985965704,1.0
7.819413900000001,1.466001985965704,1.0
7.823935200000001,1.466001985965704,1.0
7.828900999999998,1.466001985965704,1.0
7.833442299999998,1.466001985965704,1.0
7.838950099999998,1.466001985965704,1.0
7.8445485999999995,1.466001985965704,1.0
7.849449799999999,1.466001985965704,1.0
7.8549331,1.466001985965704,1.0
7.8601271,1.466001985965704,1.0
7.865108799999998,1.466001985965704,1.0
7.869682900000001,1.466001985965704,1.0
7.8742315000000005,1.466001985965704,1.0
7.8796368,1.466001985965704,1.0
7.885132599999999,1.466001985965704,1.0
7.890398699999999,1.466001985965704,1.0
7.895612199999999,1.466001985965704,1.0
