grip,time
850.0,2.9023117000000003
850.0,2.9095597
850.0,2.9249392
850.0,2.9403227000000003
850.0,2.9557402
850.0,2.9710704000000003
850.0,2.9864496000000003
850.0,3.0017978999999997
850.0,3.0171851
850.0,3.0326983
850.0,3.0479507999999997
850.0,3.0633079
850.0,3.0791154999999995
850.0,3.0940769999999995
850.0,3.1094583
850.0,3.1248648999999995
850.0,3.1401832999999995
850.0,3.1555736999999997
850.0,3.1709496
850.0,3.1863563
850.0,3.2017330999999993
850.0,3.2170753999999997
850.0,3.2324829999999993
850.0,3.2478423999999997
850.0,3.2632293
850.0,3.2783688999999994
850.0,3.2937665999999997
850.0,3.3090700999999996
850.0,3.3247726999999996
850.0,3.339856
850.0,3.3552497
850.0,3.3707579
850.0,3.385962
850.0,3.4013342999999994
850.0,3.4167115
850.0,3.4321038
850.0,3.4474741999999994
850.0,3.4628593
850.0,3.4782402999999995
850.0,3.4936651999999997
850.0,3.5089531999999997
850.0,3.5243246999999993
850.0,3.5395844
850.0,3.5549178
850.0,3.5703116999999995
850.0,3.5856936
850.0,3.6010435999999997
850.0,3.6165332
850.0,3.6318563999999993
850.0,3.6471970999999996
850.0,3.6625568
850.0,3.6779797
850.0,3.6933388999999996
850.0,3.7086995
850.0,3.7240728999999995
850.0,3.7394431
850.0,3.7547977
850.0,3.770174
850.0,3.7855761999999995
850.0,3.8009528999999995
850.0,3.8165565
850.0,3.8317226999999994
850.0,3.8470882999999994
850.0,3.8624513999999994
850.0,3.8778109999999995
850.0,3.8931870999999996
850.0,3.9085751999999996
850.0,3.9239359
850.0,3.9393380999999996
850.0,3.9547225999999993
850.0,3.9700917999999996
850.0,3.9854591
850.0,4.0008466
850.0,4.0166163
850.0,4.031593099999999
850.0,4.0469629
850.0,4.0624687
850.0,4.0777502
850.0,4.0930655
850.0,4.1084485
850.0,4.1238632
850.0,4.139217899999999
850.0,4.1546093
850.0,4.1700137
850.0,4.185359
850.0,4.2007294
850.0,4.216106
850.0,4.2314712
850.0,4.2468708
850.0,4.2625116
850.0,4.277607499999999
850.0,4.2929457
850.0,4.3083534
850.0,4.3237529
850.0,4.3391312
850.0,4.3544743
850.0,4.3698749999999995
850.0,4.3852443
850.0,4.4005952
850.0,4.4160083
850.0,4.4312195999999995
850.0,4.4466174999999994
850.0,4.4623178
850.0,4.47734
850.0,4.4927348
850.0,4.5080770999999995
850.0,4.5234540999999995
850.0,4.538889999999999
850.0,4.554188
850.0,4.5696284
850.0,4.5849972
850.0,4.6003013
850.0,4.6157501
850.0,4.631107999999999
850.0,4.6464675
850.0,4.661880099999999
850.0,4.677308699999999
850.0,4.6925892
850.0,4.7083239
850.0,4.7233882
850.0,4.7387327
850.0,4.7541183
850.0,4.7695142
850.0,4.784842299999999
850.0,4.800246
850.0,4.8156269
850.0,4.8309871
850.0,4.8463915
850.0,4.8618841999999995
850.0,4.877280799999999
850.0,4.8926731
850.0,4.9081985999999995
850.0,4.9233565
850.0,4.938756199999999
850.0,4.954098699999999
850.0,4.9694845
850.0,4.984875799999999
850.0,5.000070399999999
850.0,5.0154954
850.0,5.0308414
850.0,5.0462435999999995
850.0,5.0616106
850.0,5.076987
850.0,5.0923349
850.0,5.1077536
850.0,5.123114
850.0,5.1384858
850.0,5.154069799999999
850.0,5.1692627
850.0,5.1848097
850.0,5.2003224
850.0,5.2156869
850.0,5.2310402
850.0,5.2464154999999995
850.0,5.2618013
850.0,5.2771513
850.0,5.2925524
850.0,5.3081948
850.0,5.3233318
850.0,5.338715199999999
850.0,5.3540522
850.0,5.3694614
850.0,5.3848192
850.0,5.4001132
850.0,5.4154918
850.0,5.4308574
850.0,5.4462497
850.0,5.4616411
850.0,5.4769945
850.0,5.492371299999999
850.0,5.5077427
850.0,5.5231794
850.0,5.5385528
850.0,5.5540034
850.0,5.5692638
850.0,5.5846336
850.0,5.5999856999999995
850.0,5.615395599999999
850.0,5.630760899999999
850.0,5.6461371
850.0,5.6615402
850.0,5.6769251999999994
850.0,5.6922627
850.0,5.707649099999999
850.0,5.7230611
850.0,5.7383732
850.0,5.7538863
850.0,5.7691671
850.0,5.7845409
850.0,5.7999203
850.0,5.8152951999999996
850.0,5.8306461
850.0,5.8460421
850.0,5.8614351
850.0,5.8767662
850.0,5.8921396
850.0,5.9075275
850.0,5.9228989
850.0,5.9382728
850.0,5.9536961999999995
850.0,5.9690557
850.0,5.9844268
850.0,6.000182199999999
850.0,6.0151983
850.0,6.0305465
850.0,6.0459198
850.0,6.0614041
850.0,6.0766903999999995
850.0,6.0920478
850.0,6.1074195
850.0,6.122787799999999
850.0,6.1381404999999996
850.0,6.1535668
850.0,6.168923899999999
850.0,6.1842916
850.0,6.2000861
850.0,6.2150362
850.0,6.2304186999999995
850.0,6.2458187999999994
850.0,6.2611916999999995
850.0,6.2765705
850.0,6.2919244999999995
850.0,6.3073274999999995
850.0,6.322687
850.0,6.3380418
850.0,6.3534668
850.0,6.3689767999999995
850.0,6.3841804
850.0,6.3997215
850.0,6.4152014
850.0,6.4302985
850.0,6.4456915
850.0,6.4610971
850.0,6.4764415
850.0,6.491796
850.0,6.5071876
850.0,6.5225515
850.0,6.5379318
850.0,6.5533242
850.0,6.5686887
850.0,6.5840472
850.0,6.5997986
850.0,6.6148526
850.0,6.6299906
850.0,6.6456342
850.0,6.660746
850.0,6.6761652
850.0,6.69152
850.0,6.7068962
850.0,6.7221265
850.0,6.7374493
850.0,6.7528688
850.0,6.7682569
850.0,6.7835798
850.0,6.7989945
850.0,6.8145736
850.0,6.8299362
850.0,6.8456785
850.0,6.8607171
850.0,6.876111799999999
850.0,6.8914743
850.0,6.906802
850.0,6.9222209
850.0,6.9375599999999995
850.0,6.9529768
850.0,6.9683278
850.0,6.9836830999999995
850.0,6.999082
850.0,7.014462399999999
850.0,7.0298532
850.0,7.0456372
850.0,7.060601499999999
850.0,7.075988199999999
850.0,7.091481399999999
850.0,7.106933699999999
850.0,7.1222446999999995
850.0,7.137601399999999
850.0,7.1530521
850.0,7.1684231
850.0,7.1837269
850.0,7.199185399999999
850.0,7.2145128
850.0,7.2298712
850.0,7.245250499999999
850.0,7.260612699999999
850.0,7.2760012
850.0,7.2915209999999995
850.0,7.3068192
850.0,7.3222521
850.0,7.3375994
850.0,7.3530338
850.0,7.3683978
850.0,7.383726599999999
850.0,7.3991267999999994
850.0,7.414529
850.0,7.429843399999999
850.0,7.4455542
850.0,7.4608743
850.0,7.4762299
850.0,7.491587299999999
850.0,7.507021099999999
850.0,7.5223944
850.0,7.537725699999999
850.0,7.553123299999999
850.0,7.5684574
850.0,7.583859499999999
850.0,7.599271
850.0,7.614616399999999
850.0,7.629987699999999
850.0,7.645624
850.0,7.6607197
850.0,7.6761227000000005
850.0,7.6915157999999995
850.0,7.706928099999999
850.0,7.7222724
850.0,7.737595499999999
850.0,7.753030900000001
850.0,7.7683704
850.0,7.7837219
850.0,7.799102399999999
850.0,7.814639999999999
850.0,7.8299865
850.0,7.8457589
850.0,7.860743899999999
850.0,7.876134199999999
850.0,7.8914946
850.0,7.9068614
850.0,7.9222483
850.0,7.9376116
850.0,7.953028
850.0,7.9683978
850.0,7.9837594
850.0,7.9991582999999995
850.0,8.0145084
850.0,8.0298981
850.0,8.045276
850.0,8.0606374
850.0,8.0760416
850.0,8.0914397
850.0,8.1067888
850.0,8.1221275
850.0,8.1375023
850.0,8.152903499999999
850.0,8.1682841
850.0,8.1834283
850.0,8.1988608
850.0,8.2141953
850.0,8.229547199999999
850.0,8.244966999999999
850.0,8.2603653
850.0,8.2757021
850.0,8.2910776
850.0,8.3065099
850.0,8.321819399999999
850.0,8.3373395
850.0,8.35261
850.0,8.3679871
850.0,8.383405999999999
850.0,8.3988266
850.0,8.4141926
850.0,8.4295516
850.0,8.4449349
850.0,8.4603033
850.0,8.475742799999999
850.0,8.4910854
850.0,8.506451499999999
850.0,8.5218233
850.0,8.5372998
850.0,8.5525774
850.0,8.5679307
850.0,8.5833044
850.0,8.5987097
850.0,8.6140997
850.0,8.6294306
850.0,8.6448404
850.0,8.6601916
850.0,8.6755575
850.0,8.6910045
850.0,8.7063757
850.0,8.7216816
850.0,8.737321099999999
850.0,8.7524859
850.0,8.767881299999999
850.0,8.7832055
850.0,8.7985696
850.0,8.813937899999999
850.0,8.8293161
850.0,8.8447586
850.0,8.8600751
850.0,8.8754483
850.0,8.8908458
850.0,8.9062461
850.0,8.9216101
850.0,8.9373299
850.0,8.9523452
850.0,8.9676856
850.0,8.9832783
850.0,8.9986392
850.0,9.0140548
850.0,9.0294163
850.0,9.0447811
850.0,9.0601702
850.0,9.0755444
850.0,9.0909282
850.0,9.1063235
850.0,9.1216569
850.0,9.1373211
850.0,9.1524135
850.0,9.1678056
850.0,9.183254
850.0,9.1985744
850.0,9.2139321
850.0,9.2292835
850.0,9.2446767
850.0,9.260034899999999
850.0,9.2754523
850.0,9.2907951
850.0,9.30641
850.0,9.321772
850.0,9.3371984
850.0,9.3525004
850.0,9.3678765
850.0,9.3832504
850.0,9.3986475
850.0,9.414046899999999
850.0,9.4293953
850.0,9.444787999999999
850.0,9.460055
850.0,9.4754236
850.0,9.4908367
850.0,9.506178
850.0,9.521538399999999
850.0,9.537019599999999
850.0,9.5523302
850.0,9.5677051
850.0,9.5832896
850.0,9.5984494
850.0,9.6138599
850.0,9.6292034
850.0,9.644615
850.0,9.660010699999999
850.0,9.6753378
850.0,9.6907212
850.0,9.706097
850.0,9.7213388
850.0,9.7367088
850.0,9.7520898
850.0,9.7674514
850.0,9.7832208
850.0,9.798261199999999
850.0,9.81359
850.0,9.8290715
850.0,9.8443461
850.0,9.8596942
850.0,9.8751549
850.0,9.8905739
850.0,9.9059366
850.0,9.9213028
850.0,9.9367021
850.0,9.952032599999999
850.0,9.967445699999999
850.0,9.9828394
850.0,9.998198799999999
850.0,10.0135609
850.0,10.0291562
850.0,10.0443005
850.0,10.059663
850.0,10.0750538
850.0,10.0905109
850.0,10.1058232
850.0,10.121156899999999
850.0,10.1365699
850.0,10.1519382
850.0,10.1673575
850.0,10.1827562
850.0,10.1980972
850.0,10.2134542
850.0,10.2290138
850.0,10.2442046
850.0,10.259539499999999
850.0,10.2749314
850.0,10.2903176
850.0,10.3056857
850.0,10.3210405
850.0,10.3364614
850.0,10.3518329
850.0,10.3671607
850.0,10.3825715
850.0,10.3979994
850.0,10.4131039
850.0,10.4285203
850.0,10.443863
850.0,10.459237
850.0,10.4743799
850.0,10.4897934
850.0,10.5051084
850.0,10.5206225
850.0,10.5359221
850.0,10.551283
850.0,10.5666171
850.0,10.5820551
850.0,10.5973892
850.0,10.6126304
850.0,10.62805
850.0,10.6434018
850.0,10.658774
850.0,10.6741752
850.0,10.6895287
850.0,10.704848499999999
850.0,10.720255
850.0,10.7356574
850.0,10.7509759
850.0,10.766551
850.0,10.7817999
850.0,10.7973021
850.0,10.8127019
850.0,10.8281332
850.0,10.8434648
850.0,10.8588
850.0,10.8742235
850.0,10.889601299999999
850.0,10.9050095
850.0,10.920744
850.0,10.935768099999999
850.0,10.9511698
850.0,10.9665189
850.0,10.9819124
850.0,10.9972625
850.0,11.0126365
850.0,11.0280819
850.0,11.0434108
850.0,11.0587643
850.0,11.0741686
850.0,11.0895286
850.0,11.1049697
850.0,11.1206002
850.0,11.1356533
850.0,11.1510451
850.0,11.1665209
850.0,11.1818027
850.0,11.1971668
850.0,11.2125382
850.0,11.227921799999999
850.0,11.2433297
850.0,11.2586636
850.0,11.273910299999999
850.0,11.2891985
850.0,11.3045768
850.0,11.3199614
850.0,11.3353395
850.0,11.3506877
850.0,11.3661044
850.0,11.3814489
850.0,11.396934
850.0,11.4123551
850.0,11.427708299999999
850.0,11.4430372
850.0,11.458404999999999
850.0,11.4737735
850.0,11.489192599999999
850.0,11.5045166
850.0,11.5199131
850.0,11.5352794
850.0,11.5506551
850.0,11.5660534
850.0,11.5814148
850.0,11.5967849
850.0,11.6123566
850.0,11.6275695
850.0,11.6429594
850.0,11.6583041
850.0,11.6736966
850.0,11.6890479
850.0,11.7044122
850.0,11.7198043
850.0,11.735169299999999
850.0,11.750544999999999
850.0,11.765948
850.0,11.7813045
850.0,11.7967132
850.0,11.8124102
850.0,11.8274713
850.0,11.8428291
850.0,11.858200199999999
850.0,11.873615
850.0,11.8889506
850.0,11.904309399999999
850.0,11.9198589
850.0,11.9352105
850.0,11.950569
850.0,11.9659771
850.0,11.9813328
850.0,11.9967174
850.0,12.0123538
850.0,12.0274635
850.0,12.0428497
850.0,12.0581932
850.0,12.0736128
850.0,12.0889545
850.0,12.1043092
850.0,12.1197538
850.0,12.1351276
850.0,12.1504789
850.0,12.1658703
850.0,12.1812934
850.0,12.1966361
850.0,12.2122918
850.0,12.227356499999999
850.0,12.2427549
850.0,12.2582598
850.0,12.2737398
850.0,12.2891224
850.0,12.304464
850.0,12.3198318
850.0,12.3351846
850.0,12.3504931
850.0,12.3658792
850.0,12.3812807
850.0,12.3966231
850.0,12.412428
850.0,12.4273917
850.0,12.4430294
850.0,12.4583474
850.0,12.4737712
850.0,12.4891391
850.0,12.504473899999999
850.0,12.5198771
850.0,12.5352624
850.0,12.550605599999999
850.0,12.5660065
850.0,12.5813898
850.0,12.5967282
850.0,12.612390399999999
850.0,12.6275422
850.0,12.642866399999999
850.0,12.6582369
850.0,12.673662499999999
850.0,12.6890385
850.0,12.7043683
850.0,12.7197535
850.0,12.7351403
850.0,12.7505084
850.0,12.7659371
850.0,12.7810939
850.0,12.7964264
850.0,12.8118155
850.0,12.8271955
850.0,12.8425695
850.0,12.8470937
850.0,12.8582015
850.0,12.8733638
850.0,12.8887503
850.0,12.9040797
850.0,12.919495
850.0,12.934839499999999
850.0,12.9502212
850.0,12.9656396
850.0,12.980982299999999
850.0,12.9963364
850.0,13.0118054
850.0,13.0271811
850.0,13.042650199999999
850.0,13.058186
850.0,13.0733815
850.0,13.0887402
850.0,13.1041055
850.0,13.119520099999999
850.0,13.134898699999999
850.0,13.150234
850.0,13.1656205
850.0,13.181012299999999
850.0,13.196344999999999
850.0,13.2117284
850.0,13.2270801
850.0,13.2424754
850.0,13.2582373
850.0,13.2732786
850.0,13.2886518
850.0,13.304003999999999
850.0,13.3194002
850.0,13.3347763
850.0,13.3500792
850.0,13.3654906
850.0,13.3808381
850.0,13.3962183
850.0,13.4116327
850.0,13.4269926
850.0,13.4423614
850.0,13.4577707
850.0,13.4731311
850.0,13.4885289
850.0,13.504192399999999
850.0,13.5192461
850.0,13.5346031
850.0,13.5499684
850.0,13.5653559
850.0,13.5807283
850.0,13.5961262
850.0,13.611525
850.0,13.6268963
850.0,13.6422257
850.0,13.6576261
850.0,13.672994599999999
850.0,13.6883752
850.0,13.7041446
850.0,13.7191373
850.0,13.7345391
850.0,13.7498892
850.0,13.7652713
850.0,13.7806271
850.0,13.7960174
850.0,13.8115227
850.0,13.8268003
850.0,13.8421359
850.0,13.857539
850.0,13.8729397
850.0,13.8882457
850.0,13.9036291
850.0,13.9190388
850.0,13.9343799
850.0,13.949846599999999
850.0,13.9651475
850.0,13.9805446
850.0,13.995912
850.0,14.0113101
850.0,14.0266596
850.0,14.0420401
850.0,14.0574339
850.0,14.0727672
850.0,14.0881273
850.0,14.1035458
850.0,14.1188944
850.0,14.134269999999999
850.0,14.1501898
850.0,14.1650411
850.0,14.1803961
850.0,14.1957893
850.0,14.2111597
850.0,14.2265169
850.0,14.2419035
850.0,14.2573031
850.0,14.2727016
850.0,14.288022
850.0,14.3034283
850.0,14.3188737
850.0,14.334161
850.0,14.3495964
850.0,14.3649144
850.0,14.3802967
850.0,14.3957953
850.0,14.411033699999999
850.0,14.4264607
850.0,14.441798
850.0,14.4572012
850.0,14.4725593
850.0,14.4879348
850.0,14.5034578
850.0,14.5188114
850.0,14.5342141
850.0,14.5495792
850.0,14.5649566
850.0,14.580324899999999
850.0,14.5958309
850.0,14.6111171
850.0,14.6264728
850.0,14.641812999999999
850.0,14.657244
850.0,14.6726183
850.0,14.6880017
850.0,14.7033489
850.0,14.7187083
850.0,14.734058899999999
850.0,14.7495043
850.0,14.7648065
850.0,14.780205
850.0,14.7959455
850.0,14.8109544
850.0,14.826328799999999
850.0,14.8417029
850.0,14.857154099999999
850.0,14.8724981
850.0,14.8878219
850.0,14.9032233
850.0,14.9186403
850.0,14.9339615
850.0,14.9493762
850.0,14.9647136
850.0,14.9801164
850.0,14.9957867
850.0,15.0108914
850.0,15.0262111
850.0,15.0415984
850.0,15.056955199999999
850.0,15.0723912
850.0,15.087713599999999
850.0,15.103151299999999
850.0,15.118460399999998
850.0,15.133997800000001
850.0,15.149408799999998
850.0,15.164810600000001
850.0,15.180132899999998
850.0,15.1957373
850.0,15.210935000000001
850.0,15.226293199999999
850.0,15.241627499999998
850.0,15.2570615
850.0,15.2724384
850.0,15.2877579
850.0,15.303175699999999
850.0,15.3185609
850.0,15.333869599999998
850.0,15.3493036
850.0,15.3647085
850.0,15.380004099999999
850.0,15.395809900000001
850.0,15.4108079
850.0,15.4261365
850.0,15.4416298
850.0,15.456894700000001
850.0,15.4722733
850.0,15.487636
850.0,15.503097599999998
850.0,15.5184543
850.0,15.533790399999999
850.0,15.549185499999998
850.0,15.564582499999998
850.0,15.579932399999999
850.0,15.595656499999999
850.0,15.610708
850.0,15.626030299999998
850.0,15.641501199999999
850.0,15.656809999999998
850.0,15.6721889
850.0,15.687542800000001
850.0,15.702915500000001
850.0,15.718333499999998
850.0,15.733649699999999
850.0,15.749094900000001
850.0,15.764491300000001
850.0,15.7798271
850.0,15.795180400000001
850.0,15.8105967
850.0,15.8259432
850.0,15.8416205
850.0,15.8568986
850.0,15.872336200000001
850.0,15.887664
850.0,15.9030395
850.0,15.9183869
850.0,15.933765799999998
850.0,15.9491924
850.0,15.964539700000001
850.0,15.979902000000001
850.0,15.995289900000001
850.0,16.010641800000002
850.0,16.026047400000003
850.0,16.041638300000002
850.0,16.0568181
850.0,16.0721905
850.0,16.087524400000003
850.0,16.102936600000003
850.0,16.1182768
850.0,16.133642000000002
850.0,16.149069100000002
850.0,16.164425100000003
850.0,16.1797818
850.0,16.195191100000002
850.0,16.2105502
850.0,16.225921200000002
850.0,16.24152
850.0,16.256659900000002
850.0,16.2720799
850.0,16.287461
850.0,16.30299
850.0,16.3184091
850.0,16.3337697
850.0,16.349203000000003
850.0,16.364562600000003
850.0,16.3798856
850.0,16.395294600000003
850.0,16.4106603
850.0,16.4260434
850.0,16.441514100000003
850.0,16.4567817
850.0,16.4721608
850.0,16.487560400000003
850.0,16.502909600000002
850.0,16.518107200000003
850.0,16.5334541
850.0,16.5488885
850.0,16.5642247
850.0,16.579566200000002
850.0,16.594966600000003
850.0,16.6103436
850.0,16.625731400000003
850.0,16.641124100000003
850.0,16.656445400000003
850.0,16.671886
850.0,16.6874462
850.0,16.702644900000003
850.0,16.7179515
850.0,16.7333274
850.0,16.7487017
850.0,16.7640987
850.0,16.779433
850.0,16.794894600000003
850.0,16.8103346
850.0,16.825736600000003
850.0,16.841101700000003
850.0,16.8564496
850.0,16.8718222
850.0,16.8874363
850.0,16.902595400000003
850.0,16.917948300000003
850.0,16.9333244
850.0,16.948720100000003
850.0,16.9640655
850.0,16.979451
850.0,16.9948561
850.0,17.0101492
850.0,17.0255191
850.0,17.040920500000002
850.0,17.0562885
850.0,17.071864100000003
850.0,17.0874744
850.0,17.1026004
850.0,17.117973600000003
850.0,17.1333081
850.0,17.148701000000003
850.0,17.164126000000003
850.0,17.1795064
850.0,17.1949247
850.0,17.2102229
850.0,17.2255727
850.0,17.240983
850.0,17.2563245
850.0,17.271702
850.0,17.2874315
850.0,17.302474
850.0,17.317842000000002
850.0,17.3332483
850.0,17.348600100000002
850.0,17.363984000000002
850.0,17.379320500000002
850.0,17.394882000000003
850.0,17.4101
850.0,17.4254742
850.0,17.440881
850.0,17.4562233
850.0,17.4716071
850.0,17.487012200000002
850.0,17.5024036
850.0,17.5177365
850.0,17.533287700000002
850.0,17.548501400000003
850.0,17.563855200000003
850.0,17.5792313
850.0,17.5946448
850.0,17.610026
850.0,17.6254612
850.0,17.6408352
850.0,17.6562522
850.0,17.6715848
850.0,17.6870161
850.0,17.702372
850.0,17.7177133
850.0,17.733257400000003
850.0,17.748472900000003
850.0,17.7638824
850.0,17.7791889
850.0,17.7946171
850.0,17.8099896
850.0,17.8253501
850.0,17.840765100000002
850.0,17.8561292
850.0,17.871455
850.0,17.886870100000003
850.0,17.9022636
850.0,17.9176098
850.0,17.9330156
850.0,17.9483585
850.0,17.963711500000002
850.0,17.9790914
850.0,17.9945333
850.0,18.0098965
850.0,18.025292800000003
850.0,18.0407103
850.0,18.0560151
850.0,18.0713891
850.0,18.08676
850.0,18.1021158
850.0,18.117485700000003
850.0,18.1331773
850.0,18.148255900000002
850.0,18.163602200000003
850.0,18.179129300000003
850.0,18.194360000000003
850.0,18.2097899
850.0,18.22511
850.0,18.240501100000003
850.0,18.2558733
850.0,18.271238
850.0,18.2866281
850.0,18.3020119
850.0,18.317368100000003
850.0,18.3328029
850.0,18.348147800000003
850.0,18.363562700000003
850.0,18.3790325
850.0,18.394240200000002
850.0,18.4096632
850.0,18.4249899
850.0,18.4404299
850.0,18.455742500000003
850.0,18.471119400000003
850.0,18.486552000000003
850.0,18.501924300000002
850.0,18.517284800000002
850.0,18.5326677
850.0,18.5480632
850.0,18.563458100000002
850.0,18.5789951
850.0,18.594170000000002
850.0,18.6095064
850.0,18.6249909
850.0,18.6402663
850.0,18.6556891
850.0,18.671013100000003
850.0,18.6864376
850.0,18.7018074
850.0,18.717175700000002
850.0,18.732544800000003
850.0,18.747932300000002
850.0,18.763277900000002
850.0,18.778657600000003
850.0,18.794092900000003
850.0,18.8094046
850.0,18.8252217
850.0,18.8401567
850.0,18.8555661
850.0,18.870918900000003
850.0,18.886311000000003
850.0,18.9016753
850.0,18.9170203
850.0,18.932437800000002
850.0,18.9478134
850.0,18.963157600000002
850.0,18.978542200000003
850.0,18.993936400000003
850.0,19.0094111
850.0,19.025021600000002
850.0,19.040173300000003
850.0,19.0555473
850.0,19.0708924
850.0,19.086252700000003
850.0,19.1016723
850.0,19.117023000000003
850.0,19.132415400000003
850.0,19.1477673
850.0,19.1631441
850.0,19.1785478
850.0,19.1939619
850.0,19.2092764
850.0,19.2249613
850.0,19.2400282
850.0,19.255396100000002
850.0,19.270869700000002
850.0,19.2862103
850.0,19.3015493
850.0,19.316896200000002
850.0,19.332292600000002
850.0,19.3476606
850.0,19.363035
850.0,19.378518600000003
850.0,19.3939075
850.0,19.409295
850.0,19.4250319
850.0,19.4399954
850.0,19.4553647
850.0,19.470736900000002
850.0,19.486181300000002
850.0,19.5014973
850.0,19.516869600000003
850.0,19.5322569
850.0,19.5476606
850.0,19.563075
850.0,19.5784136
850.0,19.5937993
850.0,19.6091143
850.0,19.6245724
850.0,19.6398867
850.0,19.655287400000002
850.0,19.6706547
850.0,19.6860162
850.0,19.701375300000002
850.0,19.7167673
850.0,19.732125800000002
850.0,19.7475206
850.0,19.762917100000003
850.0,19.7782933
850.0,19.793659100000003
850.0,19.809005300000003
850.0,19.8243823
850.0,19.839788900000002
850.0,19.8551918
850.0,19.8709953
850.0,19.8859029
850.0,19.9014226
850.0,19.9167984
850.0,19.9322719
850.0,19.9475629
850.0,19.962928700000003
850.0,19.9783468
850.0,19.9937247
850.0,20.009093800000002
850.0,20.024478600000002
850.0,20.0398758
850.0,20.0552254
850.0,20.0708582
850.0,20.0859822
850.0,20.1013424
850.0,20.116661800000003
850.0,20.1320549
850.0,20.1474277
850.0,20.1628082
850.0,20.1782302
850.0,20.193790500000002
850.0,20.2091378
850.0,20.2245166
850.0,20.239903
850.0,20.2552418
850.0,20.270838700000002
850.0,20.2860127
850.0,20.3013687
850.0,20.31672
850.0,20.332135100000002
850.0,20.347527600000003
850.0,20.3628585
850.0,20.378251000000002
850.0,20.3936396
850.0,20.409033
850.0,20.424383900000002
850.0,20.4397446
850.0,20.455119
850.0,20.470698600000002
850.0,20.485867900000002
850.0,20.501255
850.0,20.516644000000003
850.0,20.5320465
850.0,20.547434300000003
850.0,20.562756
850.0,20.5782321
850.0,20.5935631
850.0,20.6088941
850.0,20.6243048
850.0,20.639655
850.0,20.6550097
850.0,20.670406
850.0,20.685807500000003
850.0,20.701167
850.0,20.7167055
850.0,20.731944400000003
850.0,20.7473038
850.0,20.762654100000002
850.0,20.778056900000003
850.0,20.7934351
850.0,20.808799200000003
850.0,20.8241942
850.0,20.839577700000003
850.0,20.854909300000003
850.0,20.8703076
850.0,20.885674
850.0,20.9010289
850.0,20.916729800000002
850.0,20.931807000000003
850.0,20.947197600000003
850.0,20.9625632
850.0,20.977905900000003
850.0,20.993351800000003
850.0,21.008743300000003
850.0,21.024139700000003
850.0,21.0394694
850.0,21.054883200000003
850.0,21.070249500000003
850.0,21.085598800000003
850.0,21.100986900000002
850.0,21.116723800000003
850.0,21.1317714
850.0,21.147363900000002
850.0,21.1627173
850.0,21.178183
850.0,21.193526300000002
850.0,21.208880500000003
850.0,21.224241300000003
850.0,21.2396119
850.0,21.2549753
850.0,21.2703732
850.0,21.2856968
850.0,21.3011021
850.0,21.3168083
850.0,21.331871800000002
850.0,21.3472212
850.0,21.3626101
850.0,21.3781244
850.0,21.3933801
850.0,21.4087168
850.0,21.424137400000003
850.0,21.4394975
850.0,21.4548795
850.0,21.4702616
850.0,21.4856893
850.0,21.500970000000002
850.0,21.516399
850.0,21.5317362
850.0,21.5471562
850.0,21.5625089
850.0,21.5778849
850.0,21.5932841
850.0,21.6086414
850.0,21.6241173
850.0,21.639384300000003
850.0,21.654734
850.0,21.6701316
850.0,21.685555
850.0,21.7008833
850.0,21.716261000000003
850.0,21.7316542
850.0,21.747028200000003
850.0,21.762449500000002
850.0,21.777745600000003
850.0,21.793110700000003
850.0,21.8085166
850.0,21.8239126
850.0,21.839295500000002
850.0,21.8546644
850.0,21.8700592
850.0,21.885408100000003
850.0,21.900742400000002
850.0,21.9161551
850.0,21.9315219
850.0,21.946911500000002
850.0,21.9625357
850.0,21.9776659
850.0,21.9930087
850.0,22.008360300000003
850.0,22.0239239
850.0,22.0393465
850.0,22.054686
850.0,22.070133300000002
850.0,22.085433400000003
850.0,22.1008122
850.0,22.116651800000003
850.0,22.1315692
850.0,22.146933
850.0,22.1624911
850.0,22.1777222
850.0,22.1930841
850.0,22.208431800000003
850.0,22.223831
850.0,22.2392304
850.0,22.254579200000002
850.0,22.269961700000003
850.0,22.285343100000002
850.0,22.300684200000003
850.0,22.316114000000002
850.0,22.3314889
850.0,22.3468269
850.0,22.362544200000002
850.0,22.377365700000002
850.0,22.3927273
850.0,22.408259400000002
850.0,22.423507500000003
850.0,22.4388882
850.0,22.4542404
850.0,22.4697844
850.0,22.4849585
850.0,22.500344000000002
850.0,22.515721600000003
850.0,22.5312428
850.0,22.5466093
850.0,22.5623961
850.0,22.5773298
850.0,22.592762800000003
850.0,22.6082381
850.0,22.623283500000003
850.0,22.6385726
850.0,22.654139200000003
850.0,22.669355000000003
850.0,22.684736200000003
850.0,22.7000798
850.0,22.715469300000002
850.0,22.730853200000002
850.0,22.746225900000002
850.0,22.761627700000002
850.0,22.777007400000002
850.0,22.792345500000003
850.0,22.8081934
850.0,22.8233378
850.0,22.8387168
850.0,22.854187900000003
850.0,22.869444700000003
850.0,22.8848442
850.0,22.9001823
850.0,22.915567900000003
850.0,22.9309277
850.0,22.946303200000003
850.0,22.961547000000003
850.0,22.976921200000003
850.0,22.9923162
850.0,23.007685400000003
850.0,23.0230104
850.0,23.038506700000003
850.0,23.0541367
850.0,23.069265700000003
850.0,23.0846534
850.0,23.1000142
850.0,23.115411700000003
850.0,23.130899000000003
850.0,23.146105900000002
850.0,23.16151
850.0,23.1768341
850.0,23.1922223
850.0,23.207609400000003
850.0,23.223014300000003
850.0,23.238347
850.0,23.2540464
850.0,23.2692389
850.0,23.2845988
850.0,23.3000429
850.0,23.3153535
850.0,23.330696000000003
850.0,23.346077400000002
850.0,23.361440400000003
850.0,23.3768244
850.0,23.392175400000003
850.0,23.4075929
850.0,23.4229902
850.0,23.438313200000003
850.0,23.454096200000002
850.0,23.468995300000003
850.0,23.4843872
850.0,23.4998074
850.0,23.5150973
850.0,23.5306524
850.0,23.5462464
850.0,23.5616583
850.0,23.5770114
850.0,23.5923698
850.0,23.608312
850.0,23.623317500000002
850.0,23.6386964
850.0,23.6541286
850.0,23.6694248
850.0,23.6847846
850.0,23.700172600000002
850.0,23.7155394
850.0,23.7309233
850.0,23.746305600000003
850.0,23.7616833
850.0,23.7770882
850.0,23.7924171
850.0,23.807799900000003
850.0,23.823178600000002
850.0,23.8385725
850.0,23.8543287
850.0,23.869515
850.0,23.8849175
850.0,23.9002248
850.0,23.9156169
850.0,23.9309991
850.0,23.9463538
850.0,23.9617714
850.0,23.9771341
850.0,23.992512700000002
850.0,24.0078576
850.0,24.023208800000003
850.0,24.0385889
850.0,24.0540889
850.0,24.0693565
850.0,24.084802200000002
850.0,24.1000976
850.0,24.115463300000002
850.0,24.1308717
850.0,24.1461989
850.0,24.161617500000002
850.0,24.1769791
850.0,24.192348900000002
850.0,24.207747400000002
850.0,24.223136800000002
850.0,24.2385087
850.0,24.2542426
850.0,24.2692531
850.0,24.2845662
850.0,24.2999234
850.0,24.3153112
850.0,24.3306539
850.0,24.3460381
850.0,24.361451000000002
850.0,24.376825800000002
850.0,24.392161100000003
850.0,24.4076519
850.0,24.423018900000002
850.0,24.4384246
850.0,24.454231200000002
850.0,24.469175500000002
850.0,24.4845134
850.0,24.4999219
850.0,24.515281700000003
850.0,24.530630400000003
850.0,24.5460393
850.0,24.5614105
850.0,24.576778800000003
850.0,24.5921264
850.0,24.6075674
850.0,24.622903400000002
850.0,24.638287300000002
850.0,24.653664900000003
850.0,24.669004700000002
850.0,24.6843809
850.0,24.700040100000002
850.0,24.715103300000003
850.0,24.730482000000002
850.0,24.7458369
850.0,24.7613209
850.0,24.7767695
850.0,24.7920623
850.0,24.8074836
850.0,24.822840600000003
850.0,24.8381896
850.0,24.853603300000003
850.0,24.868981100000003
850.0,24.8843031
850.0,24.8999245
850.0,24.914998
850.0,24.9304042
850.0,24.9457592
850.0,24.9611181
850.0,24.9765224
850.0,24.991882
850.0,25.007304700000002
850.0,25.0226596
850.0,25.0380016
850.0,25.053424000000003
850.0,25.068794800000003
850.0,25.0841825
850.0,25.099526700000002
850.0,25.114935000000003
850.0,25.1302163
850.0,25.1458483
850.0,25.1609863
850.0,25.1763817
850.0,25.191965800000002
850.0,25.2073009
850.0,25.222693200000002
850.0,25.2380496
850.0,25.2534695
850.0,25.2688287
850.0,25.284218000000003
850.0,25.2995868
850.0,25.3149595
850.0,25.3303681
850.0,25.345845200000003
850.0,25.3611012
850.0,25.376478900000002
850.0,25.3918508
850.0,25.4071956
850.0,25.4226069
850.0,25.4379662
850.0,25.453405500000002
850.0,25.468737100000002
850.0,25.484086100000003
850.0,25.4994957
850.0,25.514833300000003
850.0,25.5302116
850.0,25.5457846
850.0,25.5609807
850.0,25.576532200000003
850.0,25.591827600000002
850.0,25.6072868
850.0,25.622656600000003
850.0,25.637964
850.0,25.6533647
850.0,25.668723500000002
850.0,25.684123200000002
850.0,25.699497700000002
850.0,25.714880700000002
850.0,25.7302535
850.0,25.7457175
850.0,25.760944300000002
850.0,25.7762412
850.0,25.791655700000003
850.0,25.8070437
850.0,25.822367900000003
850.0,25.837726500000002
850.0,25.8531215
850.0,25.868491900000002
850.0,25.8838541
850.0,25.8992618
850.0,25.914885400000003
850.0,25.9301931
850.0,25.945890900000002
850.0,25.960955000000002
850.0,25.976341100000003
850.0,25.9916945
850.0,26.007133800000002
850.0,26.022500700000002
850.0,26.037641200000003
850.0,26.0530748
850.0,26.068407500000003
850.0,26.083776800000003
850.0,26.0991992
850.0,26.114535
850.0,26.1298855
850.0,26.1452795
850.0,26.160658100000003
850.0,26.176052300000002
850.0,26.191661500000002
850.0,26.2067963
850.0,26.2221367
850.0,26.2375364
850.0,26.252919000000002
850.0,26.2682946
850.0,26.283630300000002
850.0,26.2990363
850.0,26.314403000000002
850.0,26.329793300000002
850.0,26.345179
850.0,26.360550800000002
850.0,26.375888900000003
850.0,26.391313800000002
850.0,26.4067012
850.0,26.4220618
850.0,26.4376344
850.0,26.452830000000002
850.0,26.468192300000002
850.0,26.483518800000002
850.0,26.4989342
850.0,26.514286000000002
850.0,26.529647500000003
850.0,26.5450681
850.0,26.5604337
850.0,26.575785200000002
850.0,26.591168200000002
850.0,26.606555200000003
850.0,26.621955200000002
850.0,26.6374318
850.0,26.6526713
850.0,26.6680597
850.0,26.683429500000003
850.0,26.698883000000002
850.0,26.714182100000002
850.0,26.7295333
850.0,26.7449525
850.0,26.760290400000002
850.0,26.7756742
850.0,26.791065000000003
850.0,26.8064545
850.0,26.8217989
850.0,26.837386900000002
850.0,26.852599700000003
850.0,26.8679434
850.0,26.883322800000002
850.0,26.898708900000003
850.0,26.9140672
850.0,26.929425100000003
850.0,26.9448726
850.0,26.9602015
850.0,26.975559800000003
850.0,26.9909636
850.0,27.006342800000002
850.0,27.0216946
850.0,27.037387900000002
850.0,27.052469700000003
850.0,27.067812
850.0,27.083211300000002
850.0,27.0986239
850.0,27.1139395
850.0,27.1293308
850.0,27.1447225
850.0,27.160069800000002
850.0,27.175454700000003
850.0,27.1908247
850.0,27.2064515
850.0,27.2217951
850.0,27.2371434
850.0,27.252499200000003
850.0,27.267872
850.0,27.2832377
850.0,27.2986809
850.0,27.314024200000002
850.0,27.329401100000002
850.0,27.344754400000003
850.0,27.3600934
850.0,27.3754591
850.0,27.390866900000002
850.0,27.406267500000002
850.0,27.421821700000002
850.0,27.4374062
850.0,27.452588000000002
850.0,27.467700200000003
850.0,27.483284
850.0,27.498462500000002
850.0,27.513863800000003
850.0,27.5292035
850.0,27.5445898
850.0,27.5599519
850.0,27.5753302
850.0,27.5907203
850.0,27.6060702
850.0,27.621464500000002
850.0,27.636856
850.0,27.652254600000003
850.0,27.6676211
850.0,27.683320000000002
850.0,27.698383200000002
850.0,27.7137764
850.0,27.729183600000002
850.0,27.744479600000002
850.0,27.7598804
850.0,27.775219800000002
850.0,27.7905848
850.0,27.8059711
850.0,27.8213493
850.0,27.8367393
850.0,27.8521216
850.0,27.86746
850.0,27.8828655
850.0,27.8982561
850.0,27.9136358
850.0,27.9290643
850.0,27.9443476
850.0,27.959721700000003
850.0,27.9751112
850.0,27.9904975
850.0,28.0058565
850.0,28.0212396
850.0,28.036614800000002
850.0,28.052033100000003
850.0,28.067373500000002
850.0,28.082782
