x,y,z,w
0.05326138064265251,0.1009194552898407,0.0803363248705864,0.990214467048645
0.05326138064265251,0.1009194552898407,0.0803363248705864,0.990214467048645
0.05341966077685356,0.10073931515216827,0.08019180595874786,0.9902359843254089
0.05298290401697159,0.10021132975816727,0.08010938763618469,0.9903197288513184
0.052350964397192,0.10022347420454025,0.079368457198143,0.9904116988182068
0.05175162851810455,0.10045500099658966,0.07879137992858887,0.9904658794403076
0.05148157849907875,0.10109839588403702,0.07845745980739594,0.9904409646987915
0.052358195185661316,0.10106907784938812,0.07828737795352936,0.9904114603996277
0.05199647322297096,0.10214215517044067,0.07746149599552155,0.9903852939605713
0.05207520350813866,0.102786585688591,0.07649807631969452,0.9903894066810608
0.0518869012594223,0.10324777662754059,0.07501857727766037,0.9904645681381226
0.05159294977784157,0.10319787263870239,0.07377935200929642,0.9905781745910645
0.05111963674426079,0.10314756631851196,0.07242724299430847,0.9907076358795166
0.05049722641706467,0.10364890098571777,0.07151803374290466,0.9907532930374146
0.05053384602069855,0.10353562980890274,0.07165982574224472,0.9907530546188354
0.049526114016771317,0.103908970952034,0.07162415236234665,0.9907674193382263
0.04812835156917572,0.10404855012893677,0.07079431414604187,0.9908813238143921
0.047429975122213364,0.10376142710447311,0.07027987390756607,0.9909817576408386
0.04589908570051193,0.1036035344004631,0.06938854604959488,0.9911331534385681
0.045081090182065964,0.10386167466640472,0.0680847316980362,0.9912341237068176
0.044631943106651306,0.10447956621646881,0.06707996129989624,0.991257905960083
0.044188663363456726,0.10483206808567047,0.0662907063961029,0.991293728351593
0.04404452443122864,0.10450063645839691,0.06556351482868195,0.99138343334198
0.044067345559597015,0.10410724580287933,0.06463241577148438,0.9914849400520325
0.04386154189705849,0.10383840650320053,0.06338240206241608,0.9916029572486877
0.04424046352505684,0.10456375777721405,0.06219402328133583,0.9915851354598999
0.04512481391429901,0.10543181002140045,0.061499252915382385,0.9914966821670532
0.045552682131528854,0.10555952042341232,0.060664549469947815,0.991515040397644
0.046208254992961884,0.10529549419879913,0.05922165885567665,0.9916000366210938
0.046608321368694305,0.10523686558008194,0.057769518345594406,0.9916731715202332
0.04689160734415054,0.10543812811374664,0.05660804361104965,0.9917054176330566
0.047302667051553726,0.10625884681940079,0.05603804811835289,0.9916306138038635
0.04741877317428589,0.10688529163599014,0.05619833990931511,0.9915487170219421
0.04707539454102516,0.10702965408563614,0.05603409186005592,0.9915587902069092
0.045671094208955765,0.10651759058237076,0.055777210742235184,0.9916940331459045
0.04463442787528038,0.10627730935811996,0.05452622100710869,0.9918366074562073
0.044426899403333664,0.10609274357557297,0.0537993498146534,0.9919053316116333
0.0449090413749218,0.10670099407434464,0.053382303565740585,0.9918409585952759
0.04529252275824547,0.10772111266851425,0.05411215126514435,0.9916736483573914
0.045315828174352646,0.10851816833019257,0.05383079871535301,0.9916009902954102
0.04492591693997383,0.10843458771705627,0.05383015051484108,0.9916279315948486
0.0434233658015728,0.10811971127986908,0.054162006825208664,0.9917111396789551
0.041078031063079834,0.10846807807683945,0.053795021027326584,0.9917929768562317
0.04041647911071777,0.10896103829145432,0.05370902270078659,0.99177086353302
0.039869047701358795,0.110078826546669,0.05378207191824913,0.9916656613349915
0.03967355564236641,0.1105877086520195,0.05414033681154251,0.9915973544120789
0.03914624825119972,0.11089728027582169,0.054225895553827286,0.9915790557861328
0.03734481334686279,0.11153712868690491,0.05401178076863289,0.9915884137153625
0.03582831099629402,0.11184101551771164,0.05391358956694603,0.9916154742240906
0.035055555403232574,0.11199153959751129,0.054068077355623245,0.991617739200592
0.03475751355290413,0.11253097653388977,0.05523979663848877,0.9915025234222412
0.03500507399439812,0.11310169845819473,0.05683564022183418,0.9913387298583984
0.03509174659848213,0.11403066664934158,0.057152144610881805,0.9912109971046448
0.03464584797620773,0.11500225961208344,0.05713154003024101,0.9911156892776489
0.03411969915032387,0.11560939252376556,0.0573764331638813,0.99104905128479
0.03343749791383743,0.11662694066762924,0.05777336657047272,0.9909300208091736
0.03294779360294342,0.11719560623168945,0.058303702622652054,0.9908483028411865
0.032549090683460236,0.11827975511550903,0.05811536684632301,0.9907436966896057
0.031984638422727585,0.11902562528848648,0.05852478742599487,0.9906486868858337
0.03164580091834068,0.11961441487073898,0.05819889158010483,0.9906078577041626
0.031091665849089622,0.12116868793964386,0.05797029286623001,0.990449845790863
0.030677983537316322,0.12265417724847794,0.05808394402265549,0.9902732968330383
0.030462732538580894,0.12371452152729034,0.05884423106908798,0.9901031255722046
0.03028072975575924,0.12520891427993774,0.0586685985326767,0.9899312257766724
0.02947462908923626,0.12583878636360168,0.057797037065029144,0.9899269342422485
0.02857249043881893,0.12538965046405792,0.05734864994883537,0.9900364875793457
0.027641167864203453,0.12495515495538712,0.056862153112888336,0.9901458621025085
0.027075903490185738,0.125629723072052,0.05628800019621849,0.9901089668273926
0.027415195479989052,0.12614063918590546,0.05606793239712715,0.9900471568107605
0.027395645156502724,0.1263609528541565,0.055926088243722916,0.9900276064872742
0.02737543359398842,0.12684078514575958,0.0551852285861969,0.9900084733963013
0.027223272249102592,0.1266687512397766,0.05385132133960724,0.9901080131530762
0.02699103020131588,0.1260131150484085,0.05306549370288849,0.9902405738830566
0.027242641896009445,0.1253681480884552,0.05257590487599373,0.9903416633605957
0.02771434374153614,0.12535065412521362,0.05132995918393135,0.9903961420059204
0.027641745284199715,0.12522679567337036,0.0506926067173481,0.9904465675354004
0.027549654245376587,0.12512660026550293,0.04980621486902237,0.9905067682266235
0.027482273057103157,0.12509776651859283,0.04859606549143791,0.9905723929405212
0.027252033352851868,0.12529997527599335,0.047227464616298676,0.990619421005249
0.027071982622146606,0.12553775310516357,0.04533521831035614,0.9906827211380005
0.026784975081682205,0.12575523555278778,0.04370201379060745,0.9907363057136536
0.026522446423768997,0.12553749978542328,0.0428791381418705,0.9908068776130676
0.026621494442224503,0.12576578557491302,0.04115929454565048,0.990848183631897
0.026703840121626854,0.12600240111351013,0.040226392447948456,0.9908542633056641
0.026930803433060646,0.12590906023979187,0.03906260430812836,0.9909065961837769
0.026786766946315765,0.12536831200122833,0.03807550296187401,0.9910174608230591
0.026437152177095413,0.12475753575563431,0.036921318620443344,0.9911475777626038
0.026156263425946236,0.12429442256689072,0.03578595817089081,0.9912548065185547
0.02632550150156021,0.12445328384637833,0.035151705145835876,0.9912530779838562
0.026705734431743622,0.12470029294490814,0.034597884863615036,0.991231381893158
0.026553329080343246,0.12490757554769516,0.03400672599673271,0.9912298917770386
0.026136189699172974,0.12484640628099442,0.0330689437687397,0.9912803769111633
0.02544385753571987,0.12418080866336823,0.03229793906211853,0.9914073348045349
0.024960946291685104,0.12370270490646362,0.03192063421010971,0.9914916157722473
0.025053827092051506,0.12358912825584412,0.03189614787697792,0.9915042519569397
0.025221193209290504,0.12357345968484879,0.03166449815034866,0.9915094375610352
0.025164611637592316,0.12364203482866287,0.03142134100198746,0.9915100336074829
0.024995965883135796,0.12365776300430298,0.03157433494925499,0.9915075302124023
0.024480951949954033,0.12382977455854416,0.031511448323726654,0.9915008544921875
0.02386103756725788,0.12376932054758072,0.03116459958255291,0.9915345311164856
0.02326572872698307,0.12366640567779541,0.031481776386499405,0.991551399230957
0.02300671860575676,0.12380195409059525,0.031614042818546295,0.9915363788604736
0.022898761555552483,0.12385252118110657,0.03164564073085785,0.9915315508842468
0.022650722414255142,0.12382376194000244,0.03180331736803055,0.9915357828140259
0.022221731022000313,0.12400227785110474,0.03205655515193939,0.991515040397644
0.02187359891831875,0.12402905523777008,0.03212689235806465,0.991517186164856
0.021560396999120712,0.12433891743421555,0.03223006799817085,0.9914819002151489
0.021545328199863434,0.12447848170995712,0.0324741005897522,0.9914566874504089
0.021871956065297127,0.12434111535549164,0.033321622759103775,0.991438627243042
0.022064559161663055,0.12403037399053574,0.033710844814777374,0.9914602041244507
0.02208780311048031,0.1237274557352066,0.03397076949477196,0.9914885759353638
0.022017035633325577,0.1236293688416481,0.03383765369653702,0.9915069937705994
0.022236835211515427,0.1236184686422348,0.03400048241019249,0.991497814655304
0.022968949750065804,0.12384948134422302,0.034393809735774994,0.9914387464523315
0.023496445268392563,0.12402626127004623,0.034794632345438004,0.9913903474807739
0.02383299171924591,0.12402967363595963,0.035272568464279175,0.9913649559020996
0.0237975362688303,0.12379548698663712,0.03567284718155861,0.9913807511329651
0.023894477635622025,0.12322127819061279,0.036070436239242554,0.9914355874061584
0.02402700111269951,0.12294360250234604,0.036075491458177567,0.9914666414260864
0.024525143206119537,0.12289731949567795,0.03611644729971886,0.9914587140083313
0.02499879151582718,0.12287825345993042,0.03609449416399002,0.9914501309394836
0.02534741908311844,0.12275604158639908,0.036006465554237366,0.9914596080780029
0.025590430945158005,0.12257523089647293,0.035770125687122345,0.9914842247962952
0.02573605626821518,0.12210819125175476,0.03589910641312599,0.9915334582328796
0.025817804038524628,0.12175223231315613,0.03593670204281807,0.9915737509727478
0.026206476613879204,0.12154393643140793,0.036138296127319336,0.9915817379951477
0.026414204388856888,0.12163590639829636,0.036015547811985016,0.991569459438324
0.027035178616642952,0.12195830792188644,0.035258397459983826,0.991540253162384
0.027409929782152176,0.12215129286050797,0.034388091415166855,0.9915368556976318
0.027693413197994232,0.12181006371974945,0.03406359255313873,0.9915820956230164
0.027661629021167755,0.1212882474064827,0.03373761847615242,0.9916581511497498
0.027739983052015305,0.12092453986406326,0.03369167074561119,0.9917019009590149
0.028440194204449654,0.12085701525211334,0.03408105671405792,0.9916770458221436
0.02909235656261444,0.12103487551212311,0.03368864953517914,0.991649866104126
0.02958163060247898,0.12106019258499146,0.0331307090818882,0.9916509985923767
0.02952900156378746,0.12072931975126266,0.03204604238271713,0.9917286038398743
0.029615851119160652,0.1207522377371788,0.03094310685992241,0.9917581677436829
0.030135786160826683,0.12080567330121994,0.030082330107688904,0.9917625188827515
0.030722860246896744,0.12098141759634018,0.02978815697133541,0.9917320013046265
0.031002672389149666,0.12104932963848114,0.029625289142131805,0.9917198419570923
0.0313861183822155,0.12100150436162949,0.029310639947652817,0.9917230010032654
0.031388625502586365,0.12058108299970627,0.02891337126493454,0.9917858242988586
0.03113790974020958,0.12019222229719162,0.028009280562400818,0.9918667674064636
0.031114788725972176,0.11997225135564804,0.027098696678876877,0.9919195175170898
0.03098614141345024,0.11967193335294724,0.026178725063800812,0.9919844269752502
0.030977878719568253,0.11912593245506287,0.025385789573192596,0.9920710921287537
0.030879246070981026,0.118888720870018,0.024792352691292763,0.9921175837516785
0.030566547065973282,0.1183662861585617,0.0238037109375,0.992214024066925
0.030513551086187363,0.11752443015575409,0.022441785782575607,0.9923473596572876
0.030505167320370674,0.1164763867855072,0.021367371082305908,0.9924949407577515
0.031058596447110176,0.11531766504049301,0.019783321768045425,0.9926458597183228
0.0312877856194973,0.11442483216524124,0.01798434369266033,0.9927762746810913
0.03164948895573616,0.11312147974967957,0.01744304969906807,0.9929237365722656
0.032574109733104706,0.11144507676362991,0.01548622827976942,0.9931158423423767
0.03333650901913643,0.10918235033750534,0.012065107002854347,0.993389368057251
0.03346748277544975,0.10721272230148315,0.009678724221885204,0.9936255216598511
0.03434499725699425,0.10446861386299133,0.0051435143686831,0.9939216375350952
0.03600797429680824,0.10128364711999893,0.0015074957627803087,0.9942046403884888
0.036634642630815506,0.09932315349578857,-0.0032556147780269384,0.9943753480911255
0.03738851845264435,0.09739085286855698,-0.005780922248959541,0.9945268630981445
0.038660015910863876,0.09527945518493652,-0.00804579071700573,0.994667112827301
0.039226893335580826,0.08979019522666931,-0.013981780037283897,0.9950897097587585
0.039026595652103424,0.08224666118621826,-0.020041489973664284,0.9956459403038025
0.03910226374864578,0.0766533613204956,-0.02457202784717083,0.9959877729415894
0.04072201997041702,0.07052047550678253,-0.03180671110749245,0.9961711764335632
0.04310949891805649,0.06293027102947235,-0.036663543432950974,0.9964122176170349
0.045956362038850784,0.05845159664750099,-0.04076971858739853,0.9963982105255127
0.04998889937996864,0.05280321091413498,-0.046412963420152664,0.9962724447250366
0.052777037024497986,0.0452602244913578,-0.04987521469593048,0.9963325262069702
0.055369604378938675,0.03948355093598366,-0.05394299328327179,0.9962256550788879
0.05691465362906456,0.03172938525676727,-0.06036337465047836,0.99604731798172
0.05805915594100952,0.02440541796386242,-0.06720977276563644,0.9957492351531982
0.05930587649345398,0.016600480303168297,-0.07258705794811249,0.9954588413238525
0.0599370114505291,0.01137350033968687,-0.07806141674518585,0.9950802326202393
0.061361346393823624,0.0036620553582906723,-0.0842529758810997,0.9945465326309204
0.0627114400267601,-0.0022353925742208958,-0.09225254505872726,0.9937563538551331
0.0646832287311554,-0.007086493540555239,-0.09695850312709808,0.9931591153144836
0.06807243078947067,-0.013419263064861298,-0.10199277102947235,0.9923626184463501
0.07061576098203659,-0.020287392660975456,-0.10826659202575684,0.9914032220840454
0.07063587754964828,-0.02326716110110283,-0.11372913420200348,0.990724503993988
0.07154691219329834,-0.029327144846320152,-0.1205838993191719,0.9896870851516724
0.07105138897895813,-0.035827361047267914,-0.12740492820739746,0.9886537194252014
0.07126461714506149,-0.038798749446868896,-0.13542889058589935,0.9874588847160339
0.07335768640041351,-0.043946560472249985,-0.1430429369211197,0.9860153198242188
0.0764276459813118,-0.04771202430129051,-0.15075114369392395,0.9844574332237244
0.07890813052654266,-0.05200456082820892,-0.15829145908355713,0.9828595519065857
0.08031304180622101,-0.05548427999019623,-0.1643398553133011,0.9815618991851807
0.0801285058259964,-0.060318440198898315,-0.17326635122299194,0.9797550439834595
0.07956131547689438,-0.06484949588775635,-0.18240873515605927,0.9778504967689514
0.0799347385764122,-0.06723088771104813,-0.18936306238174438,0.9763361215591431
0.08144284784793854,-0.070554219186306,-0.19728083908557892,0.9744072556495667
0.0832095518708229,-0.07339603453874588,-0.20576481521129608,0.9722911715507507
0.08454383909702301,-0.07624361664056778,-0.21157926321029663,0.9707077145576477
0.08591122180223465,-0.08004112541675568,-0.2200734168291092,0.9683905839920044
0.08743057399988174,-0.08418314903974533,-0.22778622806072235,0.9661173224449158
0.08823402225971222,-0.08673517405986786,-0.23313063383102417,0.9645423293113708
0.08808240294456482,-0.08951152861118317,-0.24224090576171875,0.9620543718338013
0.08851295709609985,-0.09297557920217514,-0.24735337495803833,0.960383951663971
0.09065873920917511,-0.09544416517019272,-0.25390130281448364,0.9582304358482361
0.09223038703203201,-0.09841076284646988,-0.2570382058620453,0.9569432139396667
0.09246982634067535,-0.10203111916780472,-0.2622998356819153,0.9551114439964294
0.09167694300413132,-0.10523227602243423,-0.26917824149131775,0.9529243111610413
0.09094492346048355,-0.10840485244989395,-0.2712777853012085,0.9520429968833923
0.08988504111766815,-0.11035659909248352,-0.2793545722961426,0.9495804905891418
0.08936464041471481,-0.11314751952886581,-0.2822125554084778,0.9484555125236511
0.08896733820438385,-0.11460883170366287,-0.28541433811187744,0.9473586678504944
0.08836253732442856,-0.11821122467517853,-0.2889922559261322,0.9458867311477661
0.0882151871919632,-0.11985064297914505,-0.2945680320262909,0.9439722895622253
0.08769853413105011,-0.12156125903129578,-0.29879099130630493,0.9424732327461243
0.0873221904039383,-0.12284013628959656,-0.30562496185302734,0.9401481747627258
0.08522938936948776,-0.1250641644001007,-0.3114708662033081,0.938126266002655
0.08480050414800644,-0.12560349702835083,-0.3172891438007355,0.9361411333084106
0.08537311106920242,-0.12663230299949646,-0.32119083404541016,0.9346187710762024
0.08521942049264908,-0.12789715826511383,-0.32543712854385376,0.9329901933670044
0.08482570201158524,-0.1282341033220291,-0.3322090208530426,0.930590033531189
0.08432436734437943,-0.12897713482379913,-0.3368453085422516,0.9288647174835205
0.08360850065946579,-0.1293591558933258,-0.34311985969543457,0.9265767931938171
0.08309561014175415,-0.1304863542318344,-0.34774503111839294,0.9247388243675232
0.0846976637840271,-0.13072653114795685,-0.351425439119339,0.9231668710708618
0.08569668233394623,-0.1313348263502121,-0.3559427559375763,0.9212556481361389
0.08579948544502258,-0.13186143338680267,-0.3616216480731964,0.9189563393592834
0.08550973236560822,-0.13229455053806305,-0.3650175929069519,0.9175775051116943
0.08507030457258224,-0.13261309266090393,-0.36987799406051636,0.9156238436698914
0.08464730530977249,-0.13324865698814392,-0.3747624158859253,0.913582444190979
0.08410768210887909,-0.13418428599834442,-0.377568781375885,0.91233891248703
0.0844956487417221,-0.13466224074363708,-0.3809887766838074,0.9108095765113831
0.08561211079359055,-0.13481608033180237,-0.38452187180519104,0.9091964364051819
0.08549827337265015,-0.13543491065502167,-0.387620747089386,0.907798171043396
0.0852714478969574,-0.13623234629631042,-0.3890764117240906,0.9070771932601929
0.08500631153583527,-0.13626955449581146,-0.3911204934120178,0.9062170386314392
0.08293455094099045,-0.13757018744945526,-0.39283478260040283,0.9054706692695618
0.08132654428482056,-0.13799159228801727,-0.39445629715919495,0.904847264289856
0.08308668434619904,-0.13763384521007538,-0.39544060826301575,0.904312014579773
0.08383136987686157,-0.13666701316833496,-0.39705055952072144,0.9036842584609985
0.08517374843358994,-0.1360347419977188,-0.39828529953956604,0.9031106233596802
0.08593785017728806,-0.13644754886627197,-0.3988889157772064,0.902709424495697
0.08525826781988144,-0.1365760713815689,-0.39995408058166504,0.9022830724716187
0.08398402482271194,-0.13682077825069427,-0.40015172958374023,0.9022778272628784
0.08409123122692108,-0.13635596632957458,-0.40134817361831665,0.9018067121505737
0.08507701754570007,-0.13621219992637634,-0.40175333619117737,0.9015555381774902
0.08703666180372238,-0.1354135125875473,-0.4030352532863617,0.9009163975715637
0.0866839587688446,-0.13536815345287323,-0.40314456820487976,0.900908350944519
0.08636661618947983,-0.1351483166217804,-0.4036604166030884,0.9007408022880554
0.08552645146846771,-0.13466008007526398,-0.40422120690345764,0.9006426334381104
0.08464697748422623,-0.13456504046916962,-0.4041801393032074,0.9007583260536194
0.08428068459033966,-0.13363094627857208,-0.40379390120506287,0.9011048674583435
0.08442653715610504,-0.13292759656906128,-0.40381383895874023,0.9011862874031067
0.08461933583021164,-0.13232585787773132,-0.404150128364563,0.901106059551239
0.084892138838768,-0.1317187249660492,-0.40378105640411377,0.9013347625732422
0.08485253155231476,-0.131291002035141,-0.4042724370956421,0.9011805653572083
0.08462636917829514,-0.13093389570713043,-0.4049365818500519,0.9009556770324707
0.08466348052024841,-0.1306757628917694,-0.40545645356178284,0.900755763053894
0.08512391149997711,-0.13061754405498505,-0.40480613708496094,0.9010133147239685
0.08650562167167664,-0.13049326837062836,-0.40370726585388184,0.9013926386833191
0.08741693943738937,-0.13008494675159454,-0.4033443331718445,0.9015262722969055
0.08803853392601013,-0.12916965782642365,-0.40431129932403564,0.9011641144752502
0.08705519139766693,-0.12857484817504883,-0.40610194206237793,0.9005393981933594
0.08657530695199966,-0.12823987007141113,-0.40669453144073486,0.900365948677063
0.08682950586080551,-0.12818945944309235,-0.40662920475006104,0.9003781676292419
0.08733436465263367,-0.12814046442508698,-0.4066976010799408,0.9003053903579712
0.08803826570510864,-0.12795023620128632,-0.40671002864837646,0.9002583026885986
0.08885946869850159,-0.12768924236297607,-0.40728458762168884,0.8999548554420471
0.08945542573928833,-0.12775950133800507,-0.4078173339366913,0.8996444940567017
0.08990736305713654,-0.12773190438747406,-0.4083600640296936,0.8993571400642395
0.09072607010602951,-0.12750771641731262,-0.4090297818183899,0.8990023732185364
0.09168963879346848,-0.12737824022769928,-0.40927597880363464,0.898810863494873
0.09233428537845612,-0.12828069925308228,-0.4077606797218323,0.8993050456047058
0.09244349598884583,-0.12889499962329865,-0.40752577781677246,0.8993126153945923
0.0926869586110115,-0.129519522190094,-0.4074063003063202,0.8992518782615662
0.09269291907548904,-0.1296137571334839,-0.407487154006958,0.8992010354995728
0.09275628626346588,-0.12974020838737488,-0.40792784094810486,0.8989764451980591
0.0928642526268959,-0.12933211028575897,-0.4088340699672699,0.8986123204231262
0.09308340400457382,-0.1292288452386856,-0.4098617136478424,0.8981362581253052
0.09274116903543472,-0.12971509993076324,-0.41026848554611206,0.8979158401489258
0.09243632107973099,-0.13061277568340302,-0.4100075662136078,0.8979362845420837
0.09266108274459839,-0.13170653581619263,-0.40947046875953674,0.8979985117912292
0.09346645325422287,-0.13177527487277985,-0.4092313051223755,0.8980139493942261
0.09408595412969589,-0.13175320625305176,-0.40925440192222595,0.897942066192627
0.0944846048951149,-0.13170158863067627,-0.4099730849266052,0.8975797295570374
0.09435892105102539,-0.1319279819726944,-0.4101833999156952,0.8974636793136597
0.09460105001926422,-0.13186904788017273,-0.4112459421157837,0.896960437297821
0.09509867429733276,-0.13221241533756256,-0.4111426770687103,0.8969045877456665
0.09516070783138275,-0.13277125358581543,-0.4105733335018158,0.8970761895179749
0.09528021514415741,-0.1329648196697235,-0.4104330837726593,0.8970991373062134
0.09529463946819305,-0.13298995792865753,-0.41072317957878113,0.8969610929489136
0.09514129161834717,-0.13311468064785004,-0.41154757142066956,0.8965808153152466
0.0951223075389862,-0.13316041231155396,-0.411734402179718,0.8964903354644775
0.09553279727697372,-0.13344043493270874,-0.4114435315132141,0.8965385556221008
0.09623446315526962,-0.1335800290107727,-0.4115903973579407,0.896375298500061
0.09625916182994843,-0.1339390128850937,-0.41124215722084045,0.8964789509773254
0.0960564836859703,-0.1344119757413864,-0.4111937880516052,0.896452009677887
0.09561462700366974,-0.13446147739887238,-0.4112093150615692,0.8964847922325134
0.09552142769098282,-0.13431766629219055,-0.4111790359020233,0.8965300917625427
0.09583288431167603,-0.13409428298473358,-0.4112175703048706,0.8965126872062683
0.09601733088493347,-0.13380932807922363,-0.4114888608455658,0.8964109420776367
0.09604310244321823,-0.13389141857624054,-0.41142237186431885,0.8964264392852783
0.09637651592493057,-0.1340959668159485,-0.41135212779045105,0.8963923454284668
0.09740303456783295,-0.13434842228889465,-0.4109601080417633,0.8964233994483948
0.09848175197839737,-0.13450469076633453,-0.4102321267127991,0.8966155648231506
0.0991387814283371,-0.13460670411586761,-0.4095774292945862,0.8968271613121033
0.09998272359371185,-0.13428255915641785,-0.40992528200149536,0.8966230750083923
0.09998020529747009,-0.13413679599761963,-0.4103274643421173,0.8964611887931824
0.09993153065443039,-0.13387681543827057,-0.4103900194168091,0.8964768052101135
0.10003094375133514,-0.1338759809732437,-0.41061660647392273,0.8963621854782104
0.10028064996004105,-0.13385097682476044,-0.41010305285453796,0.896573007106781
0.10077518224716187,-0.1335831880569458,-0.40994006395339966,0.8966320753097534
0.10035008937120438,-0.13389025628566742,-0.4091639220714569,0.8969884514808655
0.10063048452138901,-0.1338769793510437,-0.4090383052825928,0.8970162272453308
0.10111149400472641,-0.13381733000278473,-0.4090655446052551,0.896958589553833
0.10181461274623871,-0.13394831120967865,-0.4089714288711548,0.8969023823738098
0.10250716656446457,-0.1338370144367218,-0.40849173069000244,0.8970587253570557
0.1032823920249939,-0.1338418871164322,-0.4085060656070709,0.8969626426696777
0.10363931208848953,-0.13395529985427856,-0.4080263078212738,0.8971228003501892
0.10389140993356705,-0.1343509554862976,-0.40731513500213623,0.8973576426506042
0.10424289107322693,-0.1339273303747177,-0.4079798758029938,0.8970782160758972
0.10422076284885406,-0.13395032286643982,-0.40794527530670166,0.8970930576324463
0.10468249022960663,-0.13368920981884003,-0.4084520936012268,0.896847665309906
0.10508852452039719,-0.13363468647003174,-0.40852704644203186,0.8967741131782532
0.10523301362991333,-0.13361872732639313,-0.40856388211250305,0.8967427611351013
0.10536900162696838,-0.1333516240119934,-0.40858012437820435,0.8967591524124146
0.10566375404596329,-0.13308203220367432,-0.4085061848163605,0.8967981934547424
0.1058010384440422,-0.13299670815467834,-0.40848544239997864,0.8968040943145752
0.10584889352321625,-0.13304169476032257,-0.4086860418319702,0.8967005014419556
0.106170654296875,-0.13287699222564697,-0.40882575511932373,0.8966230750083923
0.10651666671037674,-0.13267779350280762,-0.40916749835014343,0.8964556455612183
0.10663854330778122,-0.13303537666797638,-0.4089727997779846,0.8964770436286926
0.10696922242641449,-0.13276807963848114,-0.4094216823577881,0.8962723016738892
0.1068999171257019,-0.13295842707157135,-0.4093784689903259,0.8962721228599548
0.10677401721477509,-0.13316302001476288,-0.40914517641067505,0.8963633179664612
0.10639897733926773,-0.13379700481891632,-0.4085536599159241,0.8965832591056824
0.10651634633541107,-0.13398000597953796,-0.408414751291275,0.8966052532196045
0.10653175413608551,-0.13391411304473877,-0.4085223376750946,0.8965643048286438
0.10633712261915207,-0.13376952707767487,-0.4086644649505615,0.8965441584587097
0.10623045265674591,-0.1338595449924469,-0.4088292121887207,0.8964682817459106
0.10634075105190277,-0.13378946483135223,-0.4091765582561493,0.8963071703910828
0.10633052885532379,-0.13376189768314362,-0.40900710225105286,0.8963898420333862
0.10613854229450226,-0.13381175696849823,-0.40885627269744873,0.8964739441871643
0.10591023415327072,-0.13389742374420166,-0.4086155295372009,0.8965980410575867
0.10603184998035431,-0.13373510539531708,-0.4089180529117584,0.8964698314666748
0.1060602143406868,-0.13359196484088898,-0.4090668261051178,0.8964199423789978
0.10620103776454926,-0.13330703973770142,-0.40953773260116577,0.8962306976318359
0.10619416832923889,-0.13340416550636292,-0.40980443358421326,0.8960950970649719
0.10634814202785492,-0.13345755636692047,-0.4096725583076477,0.8961291909217834
0.10648919641971588,-0.13352878391742706,-0.40938377380371094,0.896233856678009
0.10653075575828552,-0.13361817598342896,-0.4090709984302521,0.8963583111763
0.10659676045179367,-0.133636012673378,-0.408745676279068,0.8964962959289551
0.10690293461084366,-0.1336345672607422,-0.4087459146976471,0.8964599370956421
0.10731222480535507,-0.13357843458652496,-0.4086335301399231,0.8964706063270569
0.10791537165641785,-0.13337533175945282,-0.40834102034568787,0.8965617418289185
0.10819561779499054,-0.13305413722991943,-0.4078809916973114,0.8967850208282471
0.10813207924365997,-0.13289299607276917,-0.407680869102478,0.8969075679779053
0.10772401839494705,-0.13295632600784302,-0.4073634743690491,0.8970915675163269
0.10760831087827682,-0.13318173587322235,-0.40686798095703125,0.8972967863082886
0.10697018355131149,-0.13393843173980713,-0.4058966636657715,0.897700309753418
0.10743876546621323,-0.13403667509555817,-0.4055595397949219,0.8977819681167603
0.10779853910207748,-0.13379442691802979,-0.40537622570991516,0.8978577852249146
0.1081882193684578,-0.13339892029762268,-0.4053611755371094,0.8978766202926636
0.10815853625535965,-0.13328592479228973,-0.4051198959350586,0.8980057835578918
0.10773580521345139,-0.13336880505084991,-0.40473663806915283,0.8982171416282654
0.10740360617637634,-0.13335952162742615,-0.404070109128952,0.8985583186149597
0.10731156915426254,-0.1334906965494156,-0.40326976776123047,0.8989092707633972
0.10741008073091507,-0.13355731964111328,-0.4024749994277954,0.8992437720298767
0.1070936992764473,-0.13376274704933167,-0.40185293555259705,0.8995291590690613
0.10673131793737411,-0.1335906982421875,-0.40168583393096924,0.8996724486351013
0.10637280344963074,-0.13323207199573517,-0.40197011828422546,0.8996410965919495
0.10573233664035797,-0.13292071223258972,-0.4019082486629486,0.8997902870178223
0.1053062453866005,-0.13311846554279327,-0.400810182094574,0.9003006219863892
0.10531161725521088,-0.13312874734401703,-0.40009140968322754,0.9006181955337524
0.10517603158950806,-0.13308630883693695,-0.39917343854904175,0.9010474681854248
0.10445353388786316,-0.1329067498445511,-0.39905422925949097,0.9012107849121094
0.10414218157529831,-0.13250504434108734,-0.39931124448776245,0.9011921882629395
0.10423120856285095,-0.13218913972377777,-0.399138480424881,0.9013048410415649
0.10467632859945297,-0.13207115232944489,-0.3988141715526581,0.9014140963554382
0.10499676316976547,-0.1317766308784485,-0.3980315923690796,0.9017658233642578
0.10534308850765228,-0.1315893828868866,-0.397094190120697,0.9021658897399902
0.10491444915533066,-0.13141128420829773,-0.39601147174835205,0.9027175307273865
0.10425683110952377,-0.1309909224510193,-0.39507123827934265,0.9032666087150574
0.10381690412759781,-0.130437433719635,-0.39463046193122864,0.9035900235176086
0.10318629443645477,-0.13018757104873657,-0.3934676945209503,0.9042052030563354
0.10236077755689621,-0.13013602793216705,-0.3917301893234253,0.9050604701042175
0.10160248726606369,-0.1300247758626938,-0.3901820778846741,0.9058302640914917
0.10053452104330063,-0.12910351157188416,-0.38906028866767883,0.906563401222229
0.09937331825494766,-0.1288631707429886,-0.3873535990715027,0.9074560403823853
0.09868548810482025,-0.12799058854579926,-0.38691580295562744,0.9078413248062134
0.09679467976093292,-0.12763550877571106,-0.38390064239501953,0.9093735218048096
0.09489418566226959,-0.1270018368959427,-0.38259562849998474,0.9102121591567993
0.09415324777364731,-0.12626062333583832,-0.38206514716148376,0.910615086555481
0.09171923995018005,-0.1256359964609146,-0.38133084774017334,0.9112573862075806
0.08921365439891815,-0.1255166232585907,-0.3786030411720276,0.9126588702201843
0.08851031213998795,-0.12516748905181885,-0.3763369619846344,0.9137120246887207
0.08761691302061081,-0.12497099488973618,-0.3729749321937561,0.9152023196220398
0.08709877729415894,-0.12423457205295563,-0.36991795897483826,0.9165916442871094
0.08552742004394531,-0.12352512031793594,-0.3678557574748993,0.9176648259162903
0.08371293544769287,-0.1230720728635788,-0.36639708280563354,0.9184762239456177
0.08211196213960648,-0.12180675566196442,-0.3651576638221741,0.9192826747894287
0.07835113257169724,-0.12182717770338058,-0.36136123538017273,0.9211065769195557
0.07757308334112167,-0.12108328193426132,-0.3590925931930542,0.9221571087837219
0.07575023919343948,-0.12046410143375397,-0.35596275329589844,0.9236021041870117
0.07482031732797623,-0.11956099420785904,-0.3534390926361084,0.9247636795043945
0.07206068187952042,-0.11996930092573166,-0.350824236869812,0.9259249567985535
0.06978332251310349,-0.1191413477063179,-0.34897270798683167,0.9269055128097534
0.06693419814109802,-0.11848872154951096,-0.34671786427497864,0.9280446767807007
0.06505614519119263,-0.1182781532406807,-0.34436801075935364,0.929079532623291
0.06350007653236389,-0.11735490709543228,-0.3428843915462494,0.9298526644706726
0.061118949204683304,-0.11760083585977554,-0.33953577280044556,0.9312088489532471
0.05955061689019203,-0.11740852147340775,-0.3375411033630371,0.9320595860481262
0.058033253997564316,-0.11801958084106445,-0.3347827196121216,0.9330723881721497
0.0567629300057888,-0.11885087937116623,-0.33129361271858215,0.9342895150184631
0.055481020361185074,-0.11977510899305344,-0.3267652094364166,0.935841977596283
0.053064484149217606,-0.12045036256313324,-0.32304447889328003,0.9371863007545471
0.050300054252147675,-0.12079903483390808,-0.3180648684501648,0.9389954209327698
0.04661872237920761,-0.11999957263469696,-0.3135710060596466,0.9407976269721985
0.044272687286138535,-0.11878542602062225,-0.31085482239723206,0.9419656991958618
0.040391962975263596,-0.11806931346654892,-0.3067849278450012,0.9435629844665527
0.03690309822559357,-0.11635487526655197,-0.3034570813179016,0.9449939131736755
0.03333938121795654,-0.11534904688596725,-0.29994437098503113,0.9463702440261841
0.028348369523882866,-0.11411340534687042,-0.2941383123397827,0.9485025405883789
0.023870188742876053,-0.11177290230989456,-0.28897297382354736,0.9504902362823486
0.02103475108742714,-0.11022225767374039,-0.28446391224861145,0.9520971775054932
0.01841643452644348,-0.10708745568990707,-0.27937066555023193,0.95401531457901
0.015670018270611763,-0.10360512882471085,-0.27299371361732483,0.9562922120094299
0.012713498435914516,-0.10046963393688202,-0.26707401871681213,0.9583401083946228
0.009853474795818329,-0.09836097806692123,-0.26194238662719727,0.9600074291229248
0.005111219361424446,-0.0953710600733757,-0.25523266196250916,0.962151050567627
0.0005075246444903314,-0.0909421443939209,-0.2506456673145294,0.9637977480888367
-0.0028674390632659197,-0.08857619762420654,-0.24514105916023254,0.9654284119606018
-0.006035232916474342,-0.08497308939695358,-0.2367599755525589,0.9678263664245605
-0.008366099558770657,-0.08075517416000366,-0.22809135913848877,0.9702489376068115
-0.010971510782837868,-0.07731343805789948,-0.22262343764305115,0.9717721939086914
-0.014254474081099033,-0.07382834702730179,-0.21467450261116028,0.9737870097160339
-0.019993329420685768,-0.07039844244718552,-0.20815759897232056,0.9753536581993103
-0.024463364854454994,-0.06767474859952927,-0.20289860665798187,0.9765520691871643
-0.029431413859128952,-0.06304898858070374,-0.19738079607486725,0.9778544902801514
-0.03309682384133339,-0.05950368195772171,-0.19105635583400726,0.9792147874832153
-0.03667471930384636,-0.05584241822361946,-0.1832243949174881,0.9807983636856079
-0.03901960700750351,-0.052690066397190094,-0.17795613408088684,0.9818518161773682
-0.04269692301750183,-0.04938928037881851,-0.17066237330436707,0.983164370059967
-0.04546082392334938,-0.04620176926255226,-0.16515444219112396,0.9841355681419373
-0.04769233986735344,-0.04353001341223717,-0.15995731949806213,0.9850097298622131
-0.050254520028829575,-0.04038085788488388,-0.1527128368616104,0.9861656427383423
-0.05264437198638916,-0.03712254390120506,-0.14642497897148132,0.9871222376823425
-0.05505341291427612,-0.03480151668190956,-0.14219048619270325,0.9876942038536072
-0.05723971873521805,-0.03129219636321068,-0.13689129054546356,0.9884358048439026
-0.05932411924004555,-0.028536362573504448,-0.1315372884273529,0.9891230463981628
-0.0605522058904171,-0.02621929906308651,-0.12710833549499512,0.9896915555000305
-0.06143493577837944,-0.023313894867897034,-0.12078499048948288,0.9905014634132385
-0.06079351529479027,-0.020328296348452568,-0.11417654901742935,0.9913902878761292
-0.061112888157367706,-0.017894921824336052,-0.11129840463399887,0.9917447566986084
-0.06175272539258003,-0.015725096687674522,-0.10603272169828415,0.9923186898231506
-0.06315107643604279,-0.01313890889286995,-0.10231608897447586,0.9926584362983704
-0.06549526751041412,-0.011690538376569748,-0.09815681725740433,0.992944598197937
-0.06615885347127914,-0.010544496588408947,-0.09486153721809387,0.9932336807250977
-0.06669050455093384,-0.008737297728657722,-0.08974791318178177,0.9936908483505249
-0.06541036814451218,-0.00670846039429307,-0.08422841131687164,0.9942746758460999
-0.06398946046829224,-0.005220164079219103,-0.07915184646844864,0.9947930574417114
-0.06144612655043602,-0.003121656831353903,-0.0736362487077713,0.9953855872154236
-0.06004505977034569,-0.0010863399365916848,-0.06821989268064499,0.9958611726760864
-0.05961049348115921,0.0003986171795986593,-0.06523285806179047,0.996087908744812
-0.05873509496450424,0.0024559027515351772,-0.06150801479816437,0.9963739514350891
-0.058188412338495255,0.004338930826634169,-0.05752819776535034,0.996637225151062
-0.055547475814819336,0.006772749125957489,-0.05419912934303284,0.9969609975814819
-0.05171341076493263,0.009761050343513489,-0.04851166158914566,0.9974352717399597
-0.04808962345123291,0.012578464113175869,-0.04286845028400421,0.9978433847427368
-0.04552089422941208,0.01534425187855959,-0.038870785385370255,0.9980888962745667
-0.04482992738485336,0.016944248229265213,-0.036948416382074356,0.9981673955917358
-0.043601758778095245,0.019221268594264984,-0.03461028262972832,0.9982642531394958
-0.04170570895075798,0.021822167560458183,-0.030726410448551178,0.9984189867973328
-0.03984316438436508,0.02372613362967968,-0.02715892903506756,0.9985549449920654
-0.036628756672143936,0.025960249826312065,-0.02252471074461937,0.9987377524375916
-0.033485639840364456,0.028434455394744873,-0.018184039741754532,0.9988691806793213
-0.03137549012899399,0.0305195152759552,-0.016310159116983414,0.998908519744873
-0.02963837794959545,0.03259231150150299,-0.013452370651066303,0.9989386200904846
-0.028125308454036713,0.03420460596680641,-0.01000797376036644,0.9989689588546753
-0.02629997394979,0.0368143729865551,-0.006906750146299601,0.9989521503448486
-0.024474039673805237,0.03862883150577545,-0.0035980180837213993,0.9989474415779114
-0.021622564643621445,0.04041039198637009,0.0008304304792545736,0.9989488124847412
-0.019313162192702293,0.04248472675681114,0.003967094700783491,0.9989025592803955
-0.018148435279726982,0.044259533286094666,0.005234858952462673,0.9988414645195007
-0.017169853672385216,0.04524512588977814,0.007340407930314541,0.9988014698028564
-0.015928305685520172,0.04668625816702843,0.010560509748756886,0.9987267851829529
-0.01439489983022213,0.04854775592684746,0.011853556148707867,0.9986467957496643
-0.012409664690494537,0.05007822811603546,0.01623910292983055,0.998536229133606
-0.010270515456795692,0.05272738263010979,0.018774932250380516,0.9983795881271362
-0.00914626382291317,0.054469842463731766,0.02074616029858589,0.9982580542564392
-0.00846112985163927,0.05616452917456627,0.0213761068880558,0.9981568455696106
-0.00813724659383297,0.057850390672683716,0.0228124987334013,0.9980314373970032
-0.00750508951023221,0.05878874659538269,0.024820225313305855,0.9979336261749268
-0.005931758787482977,0.060567792505025864,0.02721763215959072,0.9977753758430481
-0.002895308891311288,0.06283926963806152,0.02971557527780533,0.9975770115852356
-0.0006957082659937441,0.06531517952680588,0.03204731270670891,0.997349739074707
0.0005413051694631577,0.06657029688358307,0.033084187656641006,0.997232973575592
0.0015406734310090542,0.06759374588727951,0.034696947783231735,0.9971082806587219
0.0020716707222163677,0.0691269040107727,0.03511417657136917,0.9969876408576965
0.002697034738957882,0.07039302587509155,0.03762311860918999,0.9968059062957764
0.0050499620847404,0.07202431559562683,0.040362399071455,0.9965730905532837
0.007170261815190315,0.07451488077640533,0.042726196348667145,0.9962784647941589
0.008929719217121601,0.0760129764676094,0.04466034099459648,0.996066153049469
0.011493039317429066,0.07933291792869568,0.04555608332157135,0.9957404136657715
0.013840666972100735,0.0810287669301033,0.04845145717263222,0.9954372048377991
0.0149274542927742,0.08344464004039764,0.04855697229504585,0.9952167272567749
0.015060712583363056,0.08426932245492935,0.051204830408096313,0.9950125813484192
0.015943262726068497,0.08608128130435944,0.05207862704992294,0.9947983026504517
0.017003506422042847,0.08794302493333817,0.05468777194619179,0.9944778680801392
0.017763426527380943,0.08901409059762955,0.05608978495001793,0.9942911863327026
0.019373180344700813,0.09047263115644455,0.056152425706386566,0.9941259622573853
0.020229430869221687,0.09159745275974274,0.05884890630841255,0.9938498139381409
0.02163788303732872,0.09231271594762802,0.05927911028265953,0.9937283992767334
0.022527560591697693,0.09391974657773972,0.06180329620838165,0.9934042096138
0.023937620222568512,0.09476181864738464,0.06441835314035416,0.9931250810623169
0.024432189762592316,0.09535010159015656,0.065374955534935,0.9929942488670349
0.024410933256149292,0.09633933752775192,0.06767258793115616,0.9927453398704529
0.024346111342310905,0.09702720493078232,0.06895280629396439,0.9925918579101562
0.023892220109701157,0.09738001227378845,0.06936249881982803,0.9925398230552673
0.02392924204468727,0.0979590192437172,0.070970818400383,0.9923681616783142
0.024316975846886635,0.09864387661218643,0.07297590374946594,0.9921454787254333
0.02472693659365177,0.09936372935771942,0.07336051017045975,0.9920350909233093
0.024800565093755722,0.0992569550871849,0.07397998124361038,0.991998016834259
0.025746852159500122,0.0972585380077362,0.07617370784282684,0.9920057654380798
0.02563614957034588,0.0968303233385086,0.07705382257699966,0.991982638835907
0.0257647093385458,0.09622098505496979,0.07769019901752472,0.9919889569282532
0.02604725770652294,0.09625244140625,0.07744293659925461,0.9919977784156799
0.026773087680339813,0.09571251273155212,0.0775691568851471,0.9920209050178528
0.026443924754858017,0.09660470485687256,0.07685159146785736,0.991999089717865
0.026898153126239777,0.0972335934638977,0.07746320962905884,0.9918777942657471
0.026818931102752686,0.09801807999610901,0.07797902822494507,0.9917623996734619
0.026676930487155914,0.09829585254192352,0.07789866626262665,0.9917449355125427
0.027278905734419823,0.09663952142000198,0.07865189015865326,0.9918320178985596
0.027155259624123573,0.09637568145990372,0.07854614406824112,0.9918694496154785
0.027253149077296257,0.09655526280403137,0.07864657789468765,0.9918413162231445
0.02756073884665966,0.09710441529750824,0.07951437681913376,0.9917100071907043
0.027625711634755135,0.09772651642560959,0.08022536337375641,0.9915898442268372
0.027051860466599464,0.0980595275759697,0.08104623854160309,0.991506040096283
0.026375357061624527,0.0980035588145256,0.08142733573913574,0.9914985299110413
0.025770898908376694,0.09777713567018509,0.08095288276672363,0.9915756583213806
0.02544884756207466,0.09786666184663773,0.0806921049952507,0.9915964007377625
0.025494443252682686,0.09800811111927032,0.08153007179498672,0.9915127158164978
0.025356890633702278,0.09864859282970428,0.08271221071481705,0.991354763507843
0.02504688873887062,0.09912102669477463,0.08367908000946045,0.9912343621253967
0.02459404617547989,0.09871064871549606,0.08419907838106155,0.9912426471710205
0.023969488218426704,0.09831357002258301,0.08501215279102325,0.9912279844284058
0.023804781958460808,0.0989074558019638,0.0860731229186058,0.9910812973976135
0.023979298770427704,0.09925912320613861,0.08680405467748642,0.9909781217575073
0.024155620485544205,0.09953262656927109,0.08777287602424622,0.9908610582351685
0.02373308129608631,0.09956420958042145,0.08835501223802567,0.9908163547515869
0.02357296645641327,0.09933780878782272,0.088834248483181,0.9908000826835632
0.023473098874092102,0.09923693537712097,0.08938277512788773,0.990763247013092
0.02370188757777214,0.09935441613197327,0.09118577837944031,0.990581750869751
0.02418028935790062,0.10006111860275269,0.0926540419459343,0.9903627038002014
0.024608952924609184,0.10098078101873398,0.09270589798688889,0.9902539849281311
0.024416547268629074,0.10244037955999374,0.09293239563703537,0.9900875687599182
0.024523917585611343,0.10393849015235901,0.09267500787973404,0.9899528622627258
0.024466505274176598,0.10472422093153,0.09330907464027405,0.9898119568824768
0.024841058999300003,0.10538966953754425,0.09422577917575836,0.9896451234817505
0.02544194832444191,0.10640188306570053,0.09492048621177673,0.9894551634788513
0.02594950422644615,0.10760678350925446,0.0942215546965599,0.9893785119056702
0.025851288810372353,0.10809379816055298,0.09477914124727249,0.9892746806144714
0.02505369670689106,0.10892771929502487,0.09554047882556915,0.9891304969787598
0.024778299033641815,0.10905680805444717,0.09644865989685059,0.9890350103378296
0.02497159130871296,0.10944721102714539,0.09638359397649765,0.9889934659004211
0.02576485648751259,0.109772227704525,0.09616003930568695,0.9889588356018066
0.02675086073577404,0.11023957282304764,0.09631797671318054,0.9888652563095093
0.02726893499493599,0.11039502173662186,0.09639884531497955,0.9888259172439575
0.027336332947015762,0.11029069870710373,0.09616561979055405,0.9888583421707153
0.027362436056137085,0.10986164957284927,0.09562710672616959,0.9889577031135559
0.027380622923374176,0.10939528793096542,0.09524721652269363,0.9890455007553101
0.02772163599729538,0.10904590785503387,0.09525282680988312,0.9890740513801575
0.028509704396128654,0.10904808342456818,0.09507326036691666,0.9890686869621277
0.02884070761501789,0.10904790461063385,0.09511163085699081,0.9890553951263428
0.02842535637319088,0.10842663794755936,0.09583314508199692,0.9890661239624023
0.02831752970814705,0.10785426944494247,0.09596462547779083,0.9891190528869629
0.028604157269001007,0.10706315189599991,0.09607427567243576,0.9891861081123352
0.028452789410948753,0.10641862452030182,0.09585157036781311,0.9892816543579102
0.02845301851630211,0.10567938536405563,0.09620819240808487,0.9893262386322021
0.028586775064468384,0.10507570207118988,0.09605096280574799,0.9894018769264221
0.028729423880577087,0.10449276864528656,0.09655454009771347,0.9894104599952698
0.028594234958291054,0.10410479456186295,0.09693916887044907,0.9894177317619324
0.028429081663489342,0.10351221263408661,0.0968465581536293,0.989493727684021
0.02852257899940014,0.10312851518392563,0.09658224135637283,0.9895569682121277
0.028255999088287354,0.10258769989013672,0.0968247503042221,0.9895971417427063
0.028550688177347183,0.10199374705553055,0.09534519165754318,0.9897936582565308
0.028340283781290054,0.10186949372291565,0.09478085488080978,0.9898667335510254
